frame,time_seconds,plate_text,plate_confidence,car_box,plate_box_in_frame
1,0.04,LA82545,0.2328,"(373, 348, 788, 716)","(483, 624, 574, 653)"
2,0.08,LA82545,0.2328,"(373, 348, 788, 716)","(483, 624, 574, 653)"
3,0.12,E82545,0.1951,"(372, 348, 788, 716)","(482, 621, 574, 650)"
4,0.16,E482545,0.1474,"(372, 347, 788, 717)","(482, 622, 574, 651)"
5,0.2,82545,0.9072,"(373, 348, 788, 716)","(482, 625, 574, 652)"
6,0.24,LA82545,0.2079,"(372, 348, 789, 716)","(482, 623, 574, 650)"
7,0.28,LA82545,0.3417,"(373, 348, 788, 716)","(482, 625, 574, 651)"
8,0.32,82545,0.5873,"(372, 349, 788, 717)","(482, 623, 574, 651)"
9,0.36,LA82545,0.5205,"(372, 348, 788, 717)","(482, 624, 574, 651)"
10,0.4,LA82545,0.5044,"(372, 347, 788, 716)","(482, 625, 574, 651)"
11,0.44,LA82545,0.2495,"(372, 347, 788, 716)","(482, 624, 574, 650)"
12,0.48,L482545,0.1529,"(372, 348, 788, 716)","(482, 625, 574, 650)"
13,0.52,82545,0.7458,"(373, 348, 788, 716)","(482, 625, 574, 652)"
14,0.56,LA8254S,0.1498,"(374, 349, 788, 716)","(482, 619, 574, 651)"
15,0.6,OA82545,0.0648,"(373, 349, 788, 716)","(482, 620, 574, 651)"
16,0.64,8254S,0.5242,"(374, 349, 788, 715)","(482, 623, 573, 652)"
17,0.68,148254S,0.0641,"(373, 349, 788, 716)","(482, 621, 574, 651)"
18,0.72,EA82545,0.0591,"(373, 349, 788, 716)","(482, 620, 574, 651)"
19,0.76,LA8254S,0.124,"(373, 349, 788, 715)","(482, 620, 573, 651)"
20,0.8,08254S,0.1589,"(374, 349, 788, 715)","(482, 622, 573, 652)"
21,0.84,LA8254S,0.1186,"(373, 349, 788, 715)","(482, 621, 573, 651)"
22,0.88,LA8254S,0.1186,"(373, 349, 788, 715)","(482, 621, 573, 651)"
23,0.92,08254S,0.16,"(374, 348, 788, 715)","(482, 622, 573, 652)"
24,0.96,LA82545,0.1906,"(374, 348, 788, 715)","(482, 623, 573, 651)"
25,1.0,08254S,0.1646,"(374, 348, 788, 715)","(482, 622, 573, 652)"
26,1.04,E8254S,0.1932,"(374, 347, 788, 715)","(482, 623, 573, 652)"
27,1.08,E8254S,0.2962,"(374, 347, 788, 715)","(482, 623, 573, 652)"
28,1.12,E48254S,0.0549,"(374, 347, 788, 715)","(482, 623, 573, 652)"
29,1.16,E8254S,0.1805,"(374, 348, 788, 715)","(482, 623, 573, 652)"
30,1.2,E48254S,0.0897,"(374, 348, 788, 715)","(482, 623, 573, 652)"
31,1.24,E8254S,0.1587,"(374, 348, 788, 715)","(482, 623, 573, 652)"
32,1.28,8254,0.7462,"(374, 349, 788, 715)","(482, 623, 573, 653)"
33,1.32,E8254S,0.108,"(374, 348, 788, 715)","(482, 623, 573, 652)"
34,1.36,E82545,0.1188,"(374, 347, 788, 715)","(482, 623, 573, 652)"
35,1.4,E82545,0.1175,"(374, 348, 788, 715)","(482, 623, 573, 652)"
36,1.44,E8254S,0.1205,"(374, 347, 788, 715)","(482, 623, 573, 652)"
37,1.48,E48254S,0.0627,"(374, 347, 788, 715)","(482, 623, 573, 652)"
38,1.52,E48254S,0.0627,"(374, 348, 788, 715)","(482, 623, 573, 652)"
39,1.56,E8254S,0.1935,"(374, 347, 788, 715)","(482, 623, 573, 652)"
40,1.6,E8254S,0.2283,"(374, 347, 788, 715)","(482, 623, 573, 652)"
41,1.64,EA8254S,0.109,"(374, 348, 788, 716)","(482, 624, 573, 653)"
42,1.68,EA8254S,0.1029,"(374, 348, 788, 716)","(482, 624, 573, 653)"
43,1.72,E48254S,0.053,"(374, 348, 788, 715)","(482, 623, 573, 652)"
44,1.76,E48254S,0.0535,"(374, 348, 788, 715)","(482, 623, 573, 652)"
45,1.8,E82545,0.1285,"(374, 347, 788, 716)","(482, 623, 573, 652)"
46,1.84,L48254S,0.0792,"(375, 347, 788, 716)","(482, 624, 573, 652)"
47,1.88,E8254S,0.0932,"(375, 348, 788, 716)","(482, 623, 572, 652)"
48,1.92,E8254S,0.0932,"(375, 348, 788, 716)","(482, 623, 572, 652)"
49,1.96,E8254S,0.0932,"(375, 348, 788, 716)","(482, 623, 572, 652)"
50,2.0,E8254S,0.0932,"(375, 348, 788, 716)","(482, 623, 572, 652)"
51,2.04,E8254S,0.0932,"(375, 348, 788, 716)","(482, 623, 572, 652)"
52,2.08,L48254S,0.0792,"(375, 347, 788, 716)","(482, 624, 573, 652)"
53,2.12,E8254S,0.0932,"(375, 348, 788, 716)","(482, 623, 572, 652)"
54,2.16,L48254S,0.0792,"(375, 347, 788, 716)","(482, 624, 573, 652)"
55,2.2,E8254S,0.0932,"(375, 348, 788, 716)","(482, 623, 572, 652)"
56,2.24,E8254S,0.0932,"(375, 348, 788, 716)","(482, 623, 572, 652)"
57,2.28,E8254S,0.0928,"(375, 348, 788, 716)","(482, 623, 572, 652)"
58,2.32,I48254S,0.0574,"(374, 348, 788, 716)","(482, 624, 573, 653)"
59,2.36,L48254S,0.0678,"(375, 347, 788, 716)","(482, 624, 573, 652)"
59,2.36,,0.0,"(1683, 0, 1919, 151)","(1734, 98, 1784, 118)"
60,2.4,E8254S,0.0931,"(375, 348, 788, 716)","(482, 623, 572, 652)"
61,2.44,E8254S,0.0895,"(375, 348, 788, 716)","(482, 623, 572, 652)"
61,2.44,,0.0,"(1668, 0, 1919, 155)","(1719, 103, 1770, 123)"
62,2.48,E8254S,0.0895,"(375, 348, 788, 716)","(482, 623, 572, 652)"
62,2.48,,0.0,"(1660, 2, 1919, 157)","(1712, 105, 1764, 127)"
63,2.52,E8254S,0.0931,"(375, 348, 788, 716)","(482, 623, 572, 652)"
64,2.56,L48254S,0.0792,"(375, 347, 788, 716)","(482, 624, 573, 652)"
64,2.56,,0.0,"(1645, 0, 1919, 160)","(1699, 111, 1751, 131)"
65,2.6,E8254S,0.0932,"(375, 348, 788, 716)","(482, 623, 572, 652)"
65,2.6,780,0.1003,"(1639, 0, 1919, 164)","(1692, 113, 1746, 133)"
66,2.64,E8254S,0.0946,"(375, 348, 788, 716)","(482, 623, 572, 652)"
66,2.64,207,0.16,"(1632, 0, 1919, 166)","(1686, 114, 1740, 134)"
67,2.68,L48254S,0.0793,"(375, 347, 788, 716)","(482, 624, 573, 652)"
67,2.68,A54,0.0284,"(1627, 0, 1919, 168)","(1680, 116, 1734, 136)"
68,2.72,E8254S,0.0931,"(375, 348, 788, 716)","(482, 623, 572, 652)"
68,2.72,2501,0.0029,"(1619, 0, 1919, 173)","(1675, 119, 1730, 138)"
69,2.76,I48254,0.0711,"(375, 348, 789, 716)","(482, 624, 574, 653)"
69,2.76,97,0.2974,"(1614, 0, 1919, 175)","(1669, 120, 1725, 141)"
69,2.76,3,0.1234,"(1613, 0, 1919, 172)","(1666, 117, 1727, 142)"
70,2.8,I48254S,0.0571,"(375, 349, 788, 716)","(482, 624, 573, 653)"
70,2.8,PC04,0.022,"(1607, 0, 1919, 177)","(1665, 123, 1720, 143)"
71,2.84,I48254,0.0712,"(375, 348, 789, 716)","(482, 624, 574, 653)"
71,2.84,I04,0.0689,"(1603, 0, 1919, 180)","(1660, 126, 1715, 145)"
72,2.88,I48254,0.0711,"(375, 348, 789, 716)","(482, 624, 574, 653)"
72,2.88,704,0.2891,"(1596, 0, 1919, 182)","(1655, 128, 1711, 148)"
73,2.92,O8254S,0.0948,"(375, 348, 788, 716)","(482, 623, 572, 652)"
73,2.92,7001,0.0597,"(1591, 0, 1919, 184)","(1650, 131, 1706, 152)"
74,2.96,E48254S,0.0518,"(375, 348, 788, 716)","(482, 623, 572, 652)"
74,2.96,7604,0.1482,"(1586, 0, 1919, 186)","(1645, 133, 1702, 153)"
75,3.0,E8254S,0.0911,"(375, 348, 788, 716)","(482, 623, 572, 652)"
75,3.0,P6,0.3011,"(1582, 0, 1916, 191)","(1641, 136, 1698, 156)"
76,3.04,PEO,0.0271,"(1578, 0, 1909, 193)","(1636, 139, 1695, 158)"
76,3.04,O8254S,0.0963,"(375, 348, 788, 716)","(482, 623, 572, 652)"
77,3.08,O8254S,0.0952,"(375, 348, 788, 716)","(482, 623, 572, 652)"
77,3.08,RE04,0.0168,"(1571, 0, 1897, 195)","(1633, 141, 1691, 161)"
78,3.12,O8254S,0.0952,"(375, 348, 788, 716)","(482, 623, 572, 652)"
78,3.12,764,0.235,"(1564, 0, 1891, 199)","(1629, 143, 1687, 164)"
79,3.16,O8254S,0.0952,"(375, 348, 788, 716)","(482, 623, 572, 652)"
79,3.16,R614,0.0661,"(1561, 0, 1884, 201)","(1625, 147, 1685, 167)"
80,3.2,I48254S,0.0573,"(374, 348, 788, 716)","(482, 624, 573, 653)"
80,3.2,764,0.035,"(1558, 0, 1876, 204)","(1622, 149, 1681, 169)"
81,3.24,I48254S,0.0573,"(374, 348, 788, 716)","(482, 624, 573, 653)"
81,3.24,REON,0.0442,"(1554, 0, 1870, 205)","(1619, 153, 1678, 172)"
82,3.28,I48254S,0.0573,"(374, 348, 788, 716)","(482, 624, 573, 653)"
82,3.28,ACOAL,0.1424,"(1551, 0, 1865, 207)","(1616, 154, 1675, 175)"
83,3.32,I48254S,0.0573,"(374, 348, 788, 716)","(482, 624, 573, 653)"
83,3.32,RED4,0.0429,"(1547, 0, 1859, 209)","(1613, 157, 1673, 177)"
84,3.36,AEDT,0.0203,"(1542, 0, 1853, 212)","(1611, 160, 1670, 179)"
84,3.36,LA8254S,0.1146,"(374, 349, 788, 716)","(482, 625, 573, 653)"
85,3.4,LA8254S,0.1876,"(374, 349, 788, 716)","(482, 624, 573, 653)"
85,3.4,RCOAL,0.068,"(1540, 0, 1847, 215)","(1607, 161, 1668, 182)"
86,3.44,LA8254S,0.1876,"(374, 349, 788, 716)","(482, 624, 573, 653)"
86,3.44,R6DCZ,0.06,"(1537, 0, 1844, 217)","(1604, 164, 1665, 184)"
87,3.48,REOCL,0.0657,"(1535, 0, 1837, 219)","(1601, 166, 1663, 187)"
87,3.48,LA8254S,0.1876,"(374, 349, 788, 716)","(482, 624, 573, 653)"
88,3.52,LA8254S,0.1985,"(374, 349, 788, 716)","(482, 624, 573, 653)"
88,3.52,DEDC,0.117,"(1531, 0, 1831, 222)","(1599, 170, 1661, 189)"
89,3.56,LA8254S,0.2058,"(374, 349, 788, 716)","(482, 624, 573, 653)"
89,3.56,RED6L,0.0827,"(1526, 0, 1826, 227)","(1598, 174, 1659, 192)"
90,3.6,LA8254S,0.2058,"(374, 348, 788, 716)","(482, 624, 573, 653)"
90,3.6,REOAU,0.0895,"(1523, 0, 1820, 230)","(1596, 175, 1659, 196)"
91,3.64,LA8254S,0.1874,"(374, 348, 788, 716)","(482, 624, 573, 653)"
91,3.64,RC062,0.0931,"(1520, 0, 1814, 234)","(1593, 178, 1656, 199)"
92,3.68,LA8254S,0.1874,"(374, 348, 788, 716)","(482, 624, 573, 653)"
92,3.68,REDA,0.0937,"(1518, 0, 1808, 239)","(1592, 181, 1654, 202)"
93,3.72,LA8254S,0.1874,"(374, 348, 788, 716)","(482, 624, 573, 653)"
93,3.72,RED6L,0.1111,"(1517, 0, 1805, 243)","(1590, 185, 1652, 205)"
94,3.76,LA8254S,0.1874,"(374, 348, 788, 716)","(482, 624, 573, 653)"
94,3.76,D6D6L,0.0815,"(1511, 0, 1801, 246)","(1588, 189, 1651, 208)"
95,3.8,LA8254S,0.1874,"(374, 348, 788, 716)","(482, 624, 573, 653)"
95,3.8,76011,0.0896,"(1508, 0, 1797, 248)","(1587, 191, 1649, 212)"
96,3.84,LA8254S,0.1874,"(374, 348, 788, 716)","(482, 624, 573, 653)"
96,3.84,NEOUL,0.0369,"(1505, 0, 1793, 251)","(1586, 195, 1647, 215)"
97,3.88,LA8254S,0.1874,"(374, 348, 788, 716)","(482, 624, 573, 653)"
97,3.88,A6062,0.0636,"(1506, 0, 1788, 255)","(1584, 197, 1646, 218)"
98,3.92,L482545,0.1491,"(373, 349, 787, 716)","(481, 624, 573, 653)"
98,3.92,REO6,0.0801,"(1505, 0, 1783, 259)","(1582, 200, 1646, 222)"
99,3.96,L482545,0.1491,"(373, 349, 787, 716)","(481, 624, 573, 653)"
99,3.96,REO6L,0.0761,"(1500, 0, 1781, 261)","(1581, 203, 1646, 224)"
100,4.0,L482545,0.1491,"(373, 349, 787, 716)","(481, 624, 573, 653)"
100,4.0,R6061,0.2042,"(1497, 0, 1779, 263)","(1580, 207, 1644, 228)"
101,4.04,482545,0.0937,"(374, 348, 787, 716)","(482, 623, 574, 653)"
101,4.04,3606L,0.154,"(1496, 0, 1775, 266)","(1578, 210, 1644, 231)"
102,4.08,482545,0.1443,"(374, 348, 787, 716)","(482, 623, 574, 653)"
102,4.08,R606L,0.5728,"(1496, 0, 1771, 270)","(1576, 212, 1642, 234)"
103,4.12,482545,0.1354,"(374, 349, 787, 716)","(482, 623, 573, 653)"
103,4.12,R606L,0.417,"(1495, 0, 1769, 272)","(1575, 215, 1641, 237)"
104,4.16,E82545,0.1941,"(374, 348, 787, 716)","(482, 623, 574, 652)"
104,4.16,RC06L,0.0772,"(1493, 0, 1768, 274)","(1574, 219, 1640, 240)"
105,4.2,E48254S,0.0583,"(374, 349, 787, 716)","(482, 623, 573, 652)"
105,4.2,A6060,0.3397,"(1488, 0, 1764, 277)","(1574, 221, 1640, 244)"
106,4.24,LA8254S,0.1723,"(373, 349, 787, 716)","(481, 624, 573, 653)"
106,4.24,R6O6L,0.0683,"(1489, 0, 1759, 282)","(1572, 225, 1639, 246)"
107,4.28,LA8254S,0.1934,"(373, 349, 787, 716)","(481, 624, 573, 653)"
107,4.28,RO06L,0.2115,"(1486, 0, 1759, 286)","(1571, 227, 1638, 250)"
108,4.32,E48254S,0.0989,"(374, 349, 787, 716)","(482, 623, 573, 652)"
108,4.32,AGO6L,0.4231,"(1485, 0, 1757, 291)","(1569, 229, 1637, 253)"
109,4.36,482545,0.1308,"(374, 348, 787, 716)","(482, 623, 574, 653)"
109,4.36,RGOSU,0.0532,"(1483, 0, 1755, 294)","(1569, 233, 1636, 256)"
110,4.4,482545,0.1322,"(374, 348, 787, 716)","(482, 623, 574, 653)"
110,4.4,RGO6L,0.0807,"(1483, 0, 1752, 296)","(1567, 237, 1635, 261)"
111,4.44,E48254S,0.0957,"(374, 349, 787, 716)","(482, 623, 573, 652)"
111,4.44,TA606L,0.0671,"(1474, 0, 1752, 301)","(1566, 242, 1634, 264)"
112,4.48,E48254S,0.1224,"(374, 349, 787, 716)","(482, 623, 573, 652)"
112,4.48,RGO6L,0.1904,"(1478, 0, 1750, 303)","(1564, 244, 1632, 268)"
113,4.52,E482545,0.1381,"(374, 349, 787, 716)","(482, 623, 573, 652)"
113,4.52,REO6L,0.1962,"(1478, 0, 1749, 305)","(1564, 249, 1631, 271)"
114,4.56,E482545,0.1385,"(374, 349, 787, 716)","(482, 623, 573, 652)"
114,4.56,36062,0.2934,"(1476, 0, 1748, 308)","(1562, 252, 1631, 275)"
115,4.6,LA8254S,0.1471,"(374, 349, 788, 716)","(482, 624, 573, 653)"
115,4.6,36OOL,0.0458,"(1475, 0, 1747, 314)","(1561, 255, 1630, 279)"
116,4.64,482545,0.1162,"(374, 348, 787, 716)","(482, 623, 574, 653)"
116,4.64,36061,0.2497,"(1471, 0, 1746, 317)","(1560, 259, 1628, 282)"
117,4.68,E482545,0.0914,"(373, 348, 788, 717)","(482, 624, 573, 654)"
117,4.68,RGOSL,0.1548,"(1469, 0, 1745, 322)","(1557, 262, 1627, 285)"
118,4.72,148254S,0.0711,"(373, 346, 788, 715)","(482, 622, 573, 652)"
118,4.72,REOSP,0.102,"(1462, 0, 1740, 325)","(1556, 265, 1625, 289)"
119,4.76,EL82545,0.1633,"(373, 348, 787, 715)","(481, 622, 572, 652)"
119,4.76,REDEL,0.1225,"(1467, 0, 1739, 327)","(1554, 270, 1624, 293)"
120,4.8,E482545,0.1586,"(374, 349, 789, 715)","(482, 623, 573, 653)"
120,4.8,RGOSL,0.274,"(1464, 0, 1739, 332)","(1552, 275, 1623, 299)"
121,4.84,82545,0.6215,"(373, 349, 788, 716)","(482, 624, 574, 654)"
121,4.84,RGOGL,0.1275,"(1461, 1, 1736, 337)","(1552, 279, 1621, 302)"
122,4.88,LA8254S,0.2793,"(373, 349, 788, 716)","(482, 624, 573, 653)"
122,4.88,RGOSL,0.1283,"(1461, 4, 1735, 342)","(1549, 282, 1619, 305)"
123,4.92,LA82545,0.317,"(373, 349, 789, 717)","(482, 625, 573, 653)"
123,4.92,IRGOGL,0.0403,"(1457, 6, 1733, 344)","(1546, 285, 1617, 309)"
124,4.96,82545,0.5425,"(373, 349, 788, 717)","(482, 624, 573, 654)"
124,4.96,IRGOSL,0.1384,"(1453, 9, 1732, 349)","(1546, 289, 1615, 312)"
125,5.0,LA8254S,0.2214,"(373, 350, 789, 717)","(482, 625, 573, 652)"
125,5.0,RGOGL,0.2047,"(1448, 13, 1732, 352)","(1544, 293, 1613, 316)"
126,5.04,EA82545,0.0905,"(373, 349, 788, 717)","(482, 624, 573, 654)"
126,5.04,ARGOSL,0.1427,"(1454, 17, 1731, 360)","(1539, 296, 1610, 320)"
127,5.08,LA8254S,0.2019,"(373, 349, 789, 717)","(482, 625, 573, 653)"
127,5.08,RGOSL,0.1196,"(1450, 20, 1728, 363)","(1537, 301, 1608, 324)"
128,5.12,LA8254S,0.2404,"(373, 349, 789, 717)","(482, 625, 573, 653)"
128,5.12,RGOSL,0.26,"(1449, 23, 1725, 367)","(1535, 306, 1605, 328)"
129,5.16,LA8254S,0.3517,"(373, 348, 788, 715)","(482, 626, 573, 654)"
129,5.16,DRGOSL,0.1327,"(1442, 25, 1724, 371)","(1531, 310, 1603, 332)"
130,5.2,LA8254S,0.1659,"(373, 348, 788, 715)","(482, 625, 573, 654)"
130,5.2,TRGO6L,0.0246,"(1439, 28, 1723, 376)","(1528, 313, 1601, 336)"
131,5.24,LA8254S,0.3183,"(373, 348, 788, 715)","(482, 626, 573, 653)"
131,5.24,JARCOSL,0.0193,"(1432, 33, 1721, 381)","(1525, 316, 1597, 340)"
132,5.28,LA8254S,0.2231,"(374, 348, 788, 715)","(482, 625, 573, 653)"
132,5.28,IRGOBL,0.0259,"(1430, 37, 1718, 386)","(1522, 320, 1595, 345)"
133,5.32,IA8254S,0.2011,"(373, 348, 788, 715)","(482, 625, 573, 654)"
133,5.32,IRGOEL,0.2033,"(1425, 42, 1715, 394)","(1518, 325, 1591, 348)"
134,5.36,IA8254S,0.2341,"(373, 348, 788, 715)","(482, 625, 573, 653)"
134,5.36,ARGOSL,0.1505,"(1427, 44, 1712, 398)","(1514, 330, 1588, 353)"
135,5.4,IA8254S,0.1895,"(373, 349, 788, 715)","(483, 625, 573, 653)"
135,5.4,RGOGL,0.1989,"(1422, 45, 1711, 401)","(1510, 334, 1585, 359)"
136,5.44,IA82545,0.2515,"(373, 349, 788, 715)","(483, 625, 573, 654)"
136,5.44,RGOSL,0.2232,"(1414, 48, 1709, 403)","(1507, 341, 1581, 363)"
137,5.48,LA8254S,0.2096,"(373, 348, 788, 715)","(482, 625, 573, 653)"
137,5.48,ARGOBL,0.1628,"(1412, 51, 1707, 409)","(1504, 344, 1578, 368)"
138,5.52,LA8254S,0.2096,"(373, 348, 788, 715)","(482, 625, 573, 653)"
138,5.52,RGOGL,0.3451,"(1410, 55, 1704, 414)","(1500, 348, 1575, 372)"
139,5.56,LA8254S,0.2096,"(373, 348, 788, 715)","(482, 625, 573, 653)"
139,5.56,RGOBL,0.1606,"(1407, 60, 1702, 418)","(1497, 354, 1571, 377)"
140,5.6,IA82545,0.2515,"(373, 349, 788, 715)","(483, 625, 573, 654)"
140,5.6,DARGOBL,0.1623,"(1403, 64, 1699, 422)","(1494, 360, 1567, 382)"
141,5.64,LA8254S,0.2096,"(373, 348, 788, 715)","(482, 625, 573, 653)"
141,5.64,RGOGL,0.1266,"(1400, 67, 1698, 427)","(1490, 364, 1564, 387)"
142,5.68,LA8254S,0.2141,"(373, 348, 788, 715)","(482, 625, 573, 653)"
142,5.68,RGOSL,0.0682,"(1396, 70, 1695, 434)","(1486, 368, 1560, 392)"
143,5.72,LA8254S,0.2127,"(373, 348, 788, 715)","(482, 625, 573, 653)"
143,5.72,ARBO6L,0.0888,"(1395, 71, 1692, 441)","(1481, 372, 1557, 398)"
144,5.76,LA8254S,0.2072,"(373, 348, 788, 715)","(482, 625, 573, 653)"
144,5.76,RGO6L,0.1875,"(1391, 73, 1692, 444)","(1477, 380, 1552, 402)"
145,5.8,LA8254S,0.2072,"(373, 348, 788, 715)","(482, 625, 573, 653)"
145,5.8,RGO6L,0.1222,"(1386, 80, 1691, 451)","(1473, 382, 1550, 408)"
146,5.84,LA8254S,0.2072,"(373, 348, 788, 715)","(482, 625, 573, 653)"
146,5.84,RGOGL,0.1002,"(1381, 85, 1691, 457)","(1469, 387, 1545, 413)"
147,5.88,LA8254S,0.2072,"(373, 348, 788, 715)","(482, 625, 573, 653)"
147,5.88,ARGOSL,0.272,"(1379, 87, 1694, 463)","(1465, 393, 1541, 418)"
148,5.92,LA8254S,0.2072,"(373, 348, 788, 715)","(482, 625, 573, 653)"
148,5.92,IRGO6L,0.1506,"(1369, 91, 1694, 466)","(1460, 399, 1536, 423)"
148,5.92,ERBOSL,0.0457,"(1371, 89, 1695, 466)","(1457, 398, 1538, 424)"
149,5.96,LA8254S,0.2072,"(373, 348, 788, 715)","(482, 625, 573, 653)"
149,5.96,ARGO6L,0.1345,"(1359, 94, 1696, 471)","(1457, 406, 1533, 429)"
149,5.96,JRGOBL,0.0708,"(1359, 96, 1695, 473)","(1454, 402, 1535, 430)"
150,6.0,LA8254S,0.2072,"(373, 348, 788, 715)","(482, 625, 573, 653)"
150,6.0,RGOSL,0.1194,"(1357, 100, 1694, 478)","(1450, 411, 1528, 435)"
151,6.04,LA8254S,0.23,"(373, 348, 788, 715)","(482, 625, 573, 653)"
151,6.04,RGOSL,0.478,"(1344, 104, 1690, 484)","(1447, 416, 1524, 440)"
152,6.08,LA8254S,0.2072,"(373, 348, 788, 715)","(482, 625, 573, 653)"
152,6.08,RGOSL,0.4759,"(1348, 109, 1685, 490)","(1442, 421, 1520, 446)"
153,6.12,LA8254S,0.2072,"(373, 348, 788, 715)","(482, 625, 573, 653)"
153,6.12,RGOGL,0.2856,"(1344, 113, 1686, 496)","(1437, 426, 1516, 452)"
153,6.12,EREOA,0.2396,"(1345, 111, 1685, 497)","(1433, 422, 1519, 453)"
154,6.16,LA8254S,0.2072,"(373, 348, 788, 715)","(482, 625, 573, 653)"
154,6.16,REOSL,0.4449,"(1336, 118, 1681, 500)","(1432, 433, 1511, 456)"
155,6.2,LA8254S,0.2072,"(373, 348, 788, 715)","(482, 625, 573, 653)"
155,6.2,REOSL,0.2323,"(1331, 121, 1678, 504)","(1427, 438, 1508, 462)"
156,6.24,LA8254S,0.2072,"(373, 348, 788, 715)","(482, 625, 573, 653)"
156,6.24,RGOSL,0.2799,"(1326, 123, 1690, 512)","(1422, 444, 1501, 467)"
157,6.28,LA8254S,0.2072,"(373, 348, 788, 715)","(482, 625, 573, 653)"
157,6.28,RGOGL,0.4101,"(1320, 131, 1693, 518)","(1417, 448, 1496, 474)"
158,6.32,IA8254S,0.1668,"(373, 348, 788, 715)","(483, 625, 573, 653)"
158,6.32,RGOSL,0.2774,"(1315, 135, 1675, 525)","(1412, 453, 1491, 479)"
159,6.36,IA8254S,0.1668,"(373, 348, 788, 715)","(483, 625, 573, 653)"
159,6.36,TRGO6L,0.0501,"(1301, 139, 1686, 535)","(1407, 460, 1488, 485)"
159,6.36,EBRBOBL,0.1434,"(1302, 140, 1677, 538)","(1404, 457, 1490, 487)"
160,6.4,LA8254S,0.2651,"(373, 347, 788, 715)","(482, 626, 573, 654)"
160,6.4,RGO6L,0.382,"(1295, 143, 1664, 539)","(1402, 465, 1483, 492)"
160,6.4,ER6O6L,0.1151,"(1295, 144, 1654, 542)","(1401, 464, 1484, 493)"
161,6.44,IA8254S,0.2188,"(374, 347, 788, 715)","(482, 625, 573, 653)"
161,6.44,R6OSL,0.1573,"(1290, 149, 1671, 549)","(1396, 472, 1478, 498)"
162,6.48,LA8254S,0.2037,"(374, 348, 789, 716)","(482, 625, 573, 653)"
162,6.48,ARGO6L,0.1453,"(1286, 154, 1664, 552)","(1391, 477, 1472, 505)"
163,6.52,LA8254S,0.2037,"(374, 348, 789, 716)","(482, 625, 573, 653)"
163,6.52,R6O6L,0.117,"(1282, 158, 1628, 555)","(1384, 486, 1467, 511)"
164,6.56,LA8254S,0.2037,"(374, 348, 789, 716)","(482, 625, 573, 653)"
164,6.56,RGO6L,0.2033,"(1276, 162, 1624, 564)","(1377, 491, 1461, 518)"
165,6.6,LA8254S,0.2037,"(374, 348, 789, 716)","(482, 625, 573, 653)"
165,6.6,R6O6L,0.1581,"(1270, 165, 1619, 571)","(1372, 498, 1455, 524)"
166,6.64,LA8254S,0.2037,"(374, 348, 789, 716)","(482, 625, 573, 653)"
166,6.64,RGOGL,0.2683,"(1266, 167, 1614, 577)","(1367, 506, 1449, 532)"
167,6.68,LA8254S,0.2037,"(374, 348, 789, 716)","(482, 625, 573, 653)"
167,6.68,ARGOSL,0.0496,"(1258, 173, 1611, 588)","(1360, 512, 1445, 539)"
168,6.72,LA8254S,0.2037,"(374, 348, 789, 716)","(482, 625, 573, 653)"
168,6.72,RGO6L,0.1159,"(1255, 178, 1608, 591)","(1354, 520, 1439, 547)"
169,6.76,LA8254S,0.1991,"(375, 348, 789, 716)","(483, 625, 573, 653)"
169,6.76,TRGO6L,0.0336,"(1249, 183, 1603, 599)","(1348, 527, 1433, 554)"
170,6.8,LA8254S,0.1991,"(375, 348, 789, 716)","(483, 625, 573, 653)"
170,6.8,AR6O6L,0.1027,"(1245, 187, 1599, 606)","(1342, 533, 1426, 560)"
171,6.84,LA8254S,0.1991,"(375, 348, 789, 716)","(483, 625, 573, 653)"
171,6.84,IR6O6LI,0.0989,"(1235, 193, 1594, 612)","(1336, 541, 1421, 567)"
172,6.88,LA8254S,0.1871,"(374, 348, 789, 716)","(482, 625, 573, 653)"
172,6.88,IRGO6D,0.0797,"(1233, 200, 1590, 620)","(1329, 548, 1415, 574)"
172,6.88,IRGOBL,0.0937,"(1235, 201, 1590, 622)","(1324, 544, 1417, 575)"
173,6.92,LA8254S,0.2037,"(374, 348, 789, 716)","(482, 625, 573, 653)"
173,6.92,IRGO6L,0.1611,"(1221, 204, 1585, 632)","(1322, 555, 1408, 583)"
173,6.92,IRBO6LI,0.1198,"(1220, 205, 1585, 633)","(1319, 553, 1410, 584)"
174,6.96,LA8254S,0.2037,"(374, 348, 789, 716)","(482, 625, 573, 653)"
174,6.96,RGO6L,0.1884,"(1215, 208, 1582, 640)","(1314, 563, 1402, 590)"
174,6.96,IRGO6L,0.2849,"(1215, 208, 1581, 640)","(1310, 563, 1403, 590)"
175,7.0,LA8254S,0.2037,"(374, 348, 789, 716)","(482, 625, 573, 653)"
175,7.0,IRGO6L,0.1148,"(1208, 216, 1578, 647)","(1307, 571, 1395, 598)"
175,7.0,IR6O6LL,0.0634,"(1208, 214, 1576, 645)","(1304, 568, 1397, 598)"
176,7.04,LA8254S,0.2037,"(374, 348, 789, 716)","(482, 625, 573, 653)"
176,7.04,RGO6L,0.1935,"(1198, 219, 1575, 653)","(1300, 578, 1389, 605)"
176,7.04,IREO6,0.1544,"(1199, 221, 1576, 654)","(1296, 576, 1392, 606)"
177,7.08,LA8254S,0.2037,"(374, 348, 789, 716)","(482, 625, 573, 653)"
177,7.08,IRGO6LL,0.1752,"(1193, 222, 1571, 660)","(1293, 586, 1380, 613)"
177,7.08,IR6O6L,0.4225,"(1193, 224, 1570, 660)","(1291, 585, 1382, 614)"
178,7.12,LA8254S,0.2037,"(374, 348, 789, 716)","(482, 625, 573, 653)"
178,7.12,IR6O6L,0.239,"(1183, 228, 1567, 668)","(1284, 594, 1373, 621)"
178,7.12,IR6O6L,0.0882,"(1183, 225, 1567, 668)","(1282, 594, 1373, 621)"
179,7.16,LA8254S,0.2037,"(374, 348, 789, 715)","(482, 625, 573, 653)"
179,7.16,IRGO6L,0.147,"(1179, 226, 1561, 678)","(1277, 602, 1366, 629)"
180,7.2,EA82545,0.1457,"(374, 348, 790, 715)","(483, 624, 573, 653)"
180,7.2,IAR6O6LL,0.0619,"(1170, 231, 1557, 687)","(1269, 610, 1359, 637)"
181,7.24,EA82545,0.1457,"(374, 348, 790, 715)","(483, 624, 573, 653)"
181,7.24,ARGO6L,0.091,"(1159, 225, 1555, 694)","(1262, 617, 1351, 648)"
182,7.28,LA8254S,0.2037,"(374, 348, 789, 715)","(482, 625, 573, 653)"
182,7.28,ARGO6L,0.1102,"(1150, 227, 1554, 702)","(1253, 627, 1344, 657)"
183,7.32,LA8254S,0.2037,"(374, 348, 789, 715)","(482, 625, 573, 653)"
183,7.32,ARGO6L,0.1873,"(1142, 227, 1551, 711)","(1244, 636, 1335, 665)"
184,7.36,EA82545,0.1457,"(374, 348, 790, 715)","(483, 624, 573, 653)"
184,7.36,RGOGL,0.7662,"(1136, 233, 1548, 723)","(1235, 644, 1326, 674)"
185,7.4,EA82545,0.1457,"(374, 348, 790, 715)","(483, 624, 573, 653)"
185,7.4,ARGOGLI,0.3068,"(1118, 251, 1534, 731)","(1224, 652, 1318, 682)"
186,7.44,EA82545,0.1457,"(374, 348, 790, 715)","(483, 624, 573, 653)"
186,7.44,RGOGL,0.4951,"(1113, 258, 1534, 738)","(1217, 661, 1308, 692)"
187,7.48,LA8254S,0.2037,"(374, 348, 789, 715)","(482, 625, 573, 653)"
187,7.48,JARGOGLI,0.1369,"(1103, 276, 1517, 748)","(1207, 670, 1299, 700)"
188,7.52,LA8254S,0.2037,"(374, 348, 789, 715)","(482, 625, 573, 653)"
188,7.52,ZR6O6L,0.0589,"(1093, 294, 1502, 760)","(1196, 680, 1290, 709)"
189,7.56,LA8254S,0.2037,"(374, 348, 789, 715)","(482, 625, 573, 653)"
189,7.56,ZARGO6L,0.0489,"(1081, 298, 1496, 769)","(1187, 690, 1281, 719)"
190,7.6,LA8254S,0.2037,"(374, 348, 789, 715)","(482, 625, 573, 653)"
190,7.6,ARGO6L,0.1494,"(1067, 304, 1492, 780)","(1175, 700, 1271, 729)"
191,7.64,A8254S,0.127,"(375, 348, 789, 715)","(482, 624, 573, 653)"
191,7.64,RGOGL,0.0283,"(1057, 309, 1483, 789)","(1164, 709, 1261, 739)"
192,7.68,LA8254S,0.2037,"(374, 348, 789, 715)","(482, 625, 573, 653)"
192,7.68,ARGO6LI,0.1324,"(1049, 320, 1477, 801)","(1153, 720, 1249, 749)"
193,7.72,LA8254S,0.2037,"(374, 348, 789, 716)","(482, 625, 573, 653)"
193,7.72,ARGO6L,0.4714,"(1033, 325, 1472, 810)","(1142, 729, 1239, 759)"
193,7.72,ARGO6L,0.2581,"(1028, 324, 1473, 813)","(1139, 727, 1243, 759)"
194,7.76,LA8254S,0.2037,"(374, 348, 789, 716)","(482, 625, 573, 653)"
194,7.76,ARGOG,0.0975,"(970, 334, 1462, 822)","(1131, 739, 1228, 770)"
194,7.76,ARGO6L,0.1743,"(972, 331, 1463, 822)","(1128, 739, 1229, 771)"
195,7.8,LA8254S,0.2037,"(374, 348, 789, 716)","(482, 625, 573, 653)"
195,7.8,TRGOGLI,0.1421,"(977, 336, 1450, 830)","(1120, 749, 1217, 782)"
196,7.84,LA8254S,0.2037,"(374, 348, 789, 716)","(482, 625, 573, 653)"
196,7.84,ARGOGL,0.1837,"(982, 343, 1442, 845)","(1107, 760, 1206, 791)"
196,7.84,KRGOSL,0.05,"(983, 343, 1441, 846)","(1103, 759, 1206, 790)"
197,7.88,LA8254S,0.2037,"(374, 348, 789, 716)","(482, 625, 573, 653)"
197,7.88,IRGOGL,0.2949,"(971, 353, 1432, 856)","(1095, 771, 1193, 802)"
197,7.88,KR6OSL,0.0986,"(971, 353, 1432, 854)","(1092, 771, 1195, 802)"
198,7.92,LA8254S,0.2037,"(374, 348, 789, 716)","(482, 625, 573, 653)"
198,7.92,IRGOGL,0.2074,"(966, 359, 1426, 868)","(1082, 782, 1182, 813)"
198,7.92,R6OSL,0.1339,"(966, 360, 1425, 866)","(1079, 781, 1182, 812)"
199,7.96,LA8254S,0.2037,"(374, 348, 789, 716)","(482, 625, 573, 653)"
199,7.96,IARGOGLL,0.0636,"(959, 368, 1417, 878)","(1070, 793, 1170, 824)"
199,7.96,KRGOGL,0.1333,"(957, 370, 1416, 879)","(1067, 793, 1172, 824)"
200,8.0,LA8254S,0.2037,"(374, 348, 789, 716)","(482, 625, 573, 653)"
200,8.0,IARGOGL,0.049,"(947, 379, 1404, 891)","(1057, 805, 1158, 836)"
200,8.0,1REOGL,0.0217,"(948, 377, 1405, 888)","(1054, 803, 1160, 837)"
201,8.04,EA82545,0.2197,"(375, 348, 788, 717)","(483, 624, 573, 653)"
201,8.04,ARGOGL,0.4901,"(934, 386, 1398, 904)","(1045, 817, 1146, 848)"
201,8.04,JARGOGL,0.4749,"(933, 387, 1398, 900)","(1042, 815, 1147, 849)"
202,8.08,IA8254,0.289,"(374, 349, 788, 717)","(482, 625, 573, 654)"
202,8.08,ARGO6LI,0.3999,"(917, 396, 1396, 913)","(1033, 828, 1133, 860)"
203,8.12,IA8254,0.289,"(374, 349, 788, 717)","(482, 625, 573, 654)"
203,8.12,EARGOOL,0.221,"(903, 407, 1399, 927)","(1018, 841, 1120, 873)"
204,8.16,EA8254S,0.1786,"(374, 348, 788, 717)","(482, 624, 573, 653)"
204,8.16,EARGOOL,0.0753,"(893, 412, 1400, 943)","(1004, 854, 1107, 886)"
205,8.2,EA8254S,0.1786,"(374, 348, 788, 717)","(482, 624, 573, 653)"
205,8.2,ARGO6L,0.2791,"(877, 419, 1385, 953)","(990, 866, 1093, 899)"
205,8.2,IRGOEL,0.0472,"(877, 423, 1389, 951)","(985, 863, 1093, 899)"
206,8.24,EA8254S,0.1786,"(374, 348, 788, 717)","(482, 624, 573, 653)"
206,8.24,ARGOGL,0.2127,"(862, 430, 1385, 963)","(975, 878, 1079, 913)"
206,8.24,AR6OEL,0.05,"(861, 427, 1385, 963)","(972, 877, 1081, 914)"
207,8.28,IA8254S,0.2156,"(374, 348, 787, 717)","(483, 625, 573, 653)"
207,8.28,AR6O6L,0.3857,"(847, 434, 1338, 976)","(958, 892, 1065, 927)"
207,8.28,EAR6O6L,0.3692,"(845, 432, 1339, 975)","(954, 892, 1067, 928)"
208,8.32,IA8254S,0.2156,"(374, 348, 787, 717)","(483, 625, 573, 653)"
208,8.32,EAR6OBL,0.1234,"(830, 443, 1325, 992)","(945, 906, 1050, 940)"
209,8.36,IA8254S,0.2156,"(374, 348, 787, 717)","(483, 625, 573, 653)"
209,8.36,ARGOOL,0.5432,"(816, 452, 1314, 1009)","(930, 918, 1036, 953)"
210,8.4,IA8254S,0.2156,"(374, 348, 787, 717)","(483, 625, 573, 653)"
210,8.4,ARGOOLL,0.4478,"(799, 462, 1304, 1024)","(914, 932, 1020, 967)"
211,8.44,EA82545,0.176,"(374, 348, 787, 717)","(483, 624, 573, 653)"
211,8.44,ARGOGL,0.4778,"(780, 471, 1296, 1036)","(897, 946, 1003, 982)"
211,8.44,JARGO6LI,0.1395,"(780, 474, 1294, 1037)","(892, 943, 1005, 982)"
212,8.48,EA8254S,0.1729,"(374, 348, 788, 717)","(482, 624, 573, 653)"
212,8.48,EARGOGLI,0.2365,"(764, 479, 1292, 1047)","(881, 962, 991, 996)"
213,8.52,EA8254S,0.1729,"(374, 349, 787, 717)","(482, 624, 573, 653)"
213,8.52,EARGOGL,0.2562,"(748, 494, 1296, 1062)","(864, 977, 973, 1011)"
214,8.56,EA82545,0.176,"(374, 349, 787, 716)","(483, 624, 573, 653)"
214,8.56,RGOGL,0.2292,"(730, 501, 1278, 1073)","(846, 991, 957, 1027)"
215,8.6,IA8254S,0.1581,"(374, 349, 788, 717)","(482, 625, 573, 654)"
215,8.6,ARGOGLL,0.1663,"(711, 511, 1269, 1074)","(830, 1007, 941, 1043)"
216,8.64,EA8254S,0.1729,"(374, 349, 787, 717)","(482, 624, 573, 653)"
216,8.64,RGOGL,0.4463,"(694, 515, 1224, 1074)","(810, 1022, 923, 1059)"
217,8.68,IA82545,0.2193,"(373, 349, 788, 716)","(483, 625, 573, 654)"
217,8.68,IARGOGL,0.0569,"(673, 528, 1214, 1073)","(793, 1038, 907, 1073)"
218,8.72,LA8254S,0.1427,"(373, 348, 786, 712)","(482, 625, 573, 653)"
218,8.72,GT,0.0197,"(656, 542, 1198, 1073)","(776, 1054, 892, 1073)"
219,8.76,EA8254S,0.1641,"(373, 348, 786, 712)","(482, 625, 573, 653)"
220,8.8,IA82545,0.242,"(373, 351, 785, 714)","(482, 624, 573, 654)"
221,8.84,EA8254S,0.1641,"(373, 348, 786, 712)","(482, 625, 573, 653)"
222,8.88,IA8254,0.2714,"(373, 347, 786, 713)","(482, 625, 573, 654)"
223,8.92,LA8254S,0.1295,"(373, 347, 786, 711)","(482, 625, 572, 653)"
224,8.96,EA8254S,0.1736,"(373, 347, 787, 711)","(482, 625, 573, 652)"
224,8.96,545,0.5177,"(539, 616, 1129, 1071)","(539, 628, 576, 653)"
225,9.0,IA8254S,0.398,"(373, 346, 786, 710)","(482, 624, 572, 654)"
225,9.0,3254S,0.2239,"(518, 630, 1104, 1071)","(518, 630, 574, 654)"
226,9.04,82545,0.746,"(373, 347, 785, 710)","(482, 624, 573, 654)"
226,9.04,CUGE,0.0074,"(497, 641, 1084, 1071)","(497, 641, 577, 655)"
227,9.08,IA8254S,0.398,"(373, 346, 786, 710)","(482, 624, 572, 654)"
228,9.12,8254S,0.5228,"(373, 346, 785, 710)","(481, 624, 573, 653)"
229,9.16,82545,0.746,"(373, 347, 785, 710)","(482, 624, 573, 654)"
230,9.2,82545,0.5622,"(373, 346, 785, 711)","(482, 624, 572, 653)"
231,9.24,EA8254S,0.1736,"(373, 347, 785, 712)","(482, 625, 573, 652)"
232,9.28,LA8254S,0.1289,"(373, 349, 785, 714)","(482, 625, 573, 653)"
233,9.32,LA8254S,0.2006,"(372, 349, 785, 714)","(482, 625, 573, 654)"
234,9.36,82545,0.6454,"(374, 347, 788, 717)","(482, 624, 573, 653)"
235,9.4,82545,0.6454,"(374, 347, 788, 717)","(482, 624, 573, 653)"
236,9.44,82545,0.6454,"(374, 347, 788, 717)","(482, 624, 573, 653)"
237,9.48,82545,0.6454,"(374, 347, 788, 716)","(482, 624, 573, 653)"
238,9.52,82545,0.6454,"(374, 347, 788, 716)","(482, 624, 573, 653)"
239,9.56,82545,0.6454,"(374, 347, 788, 716)","(482, 624, 573, 653)"
240,9.6,EA8254S,0.0788,"(374, 347, 788, 716)","(482, 624, 573, 653)"
241,9.64,EA8254S,0.1176,"(374, 348, 788, 715)","(482, 624, 573, 653)"
242,9.68,EA8254S,0.1577,"(375, 347, 788, 715)","(482, 625, 573, 653)"
243,9.72,EA8254S,0.1577,"(375, 347, 788, 715)","(482, 625, 573, 653)"
244,9.76,LA8254S,0.145,"(375, 347, 788, 715)","(482, 625, 574, 653)"
245,9.8,E48254S,0.2484,"(375, 348, 788, 715)","(482, 624, 574, 652)"
246,9.84,LA8254S,0.145,"(375, 347, 788, 715)","(482, 625, 574, 653)"
246,9.84,,0.0,"(1830, 4, 1919, 204)","(1891, 133, 1919, 155)"
247,9.88,LA8254S,0.145,"(375, 347, 788, 715)","(482, 625, 574, 653)"
247,9.88,,0.0,"(1819, 0, 1919, 207)","(1878, 136, 1918, 161)"
248,9.92,LA8254S,0.145,"(375, 347, 788, 715)","(482, 625, 574, 653)"
248,9.92,10,0.0225,"(1804, 0, 1919, 209)","(1867, 141, 1918, 164)"
249,9.96,LA8254S,0.145,"(375, 347, 788, 715)","(482, 625, 574, 653)"
249,9.96,JE1Y,0.0096,"(1792, 0, 1918, 214)","(1854, 145, 1913, 169)"
250,10.0,LA8254S,0.145,"(375, 347, 788, 715)","(482, 625, 574, 653)"
250,10.0,I4EJO,0.0345,"(1780, 0, 1919, 217)","(1844, 148, 1902, 174)"
251,10.04,4U,0.0653,"(1768, 0, 1918, 220)","(1832, 151, 1892, 178)"
251,10.04,E48254S,0.2209,"(375, 348, 788, 715)","(482, 624, 573, 652)"
252,10.08,403,0.0938,"(1753, 0, 1919, 225)","(1821, 156, 1882, 181)"
252,10.08,E48254S,0.2209,"(375, 348, 788, 715)","(482, 624, 573, 652)"
253,10.12,JNTJ03,0.0508,"(1743, 0, 1919, 232)","(1810, 160, 1871, 185)"
253,10.12,E48254S,0.2209,"(375, 348, 788, 715)","(482, 624, 573, 652)"
254,10.16,4T6J03,0.0289,"(1731, 0, 1919, 232)","(1800, 165, 1861, 189)"
254,10.16,E48254S,0.2209,"(375, 348, 788, 715)","(482, 624, 573, 652)"
255,10.2,I63,0.0552,"(1719, 0, 1919, 243)","(1789, 169, 1850, 194)"
255,10.2,E48254S,0.2209,"(375, 348, 788, 715)","(482, 624, 573, 652)"
256,10.24,JHET7105,0.0127,"(1708, 0, 1918, 246)","(1778, 174, 1840, 199)"
256,10.24,E48254S,0.2209,"(375, 348, 788, 715)","(482, 624, 573, 652)"
257,10.28,1703,0.1646,"(1698, 0, 1919, 253)","(1770, 180, 1832, 205)"
257,10.28,LA8254S,0.2801,"(374, 349, 788, 715)","(483, 625, 573, 653)"
258,10.32,1B03,0.1106,"(1687, 0, 1919, 259)","(1759, 187, 1821, 210)"
258,10.32,LA8254S,0.2801,"(374, 349, 788, 715)","(483, 625, 573, 653)"
259,10.36,1JO,0.0845,"(1674, 0, 1918, 261)","(1750, 190, 1812, 216)"
259,10.36,LA8254S,0.2801,"(374, 349, 788, 715)","(483, 625, 573, 653)"
260,10.4,1OS,0.0479,"(1664, 0, 1919, 269)","(1738, 196, 1803, 222)"
260,10.4,1A82545,0.0841,"(374, 348, 788, 715)","(483, 624, 573, 653)"
261,10.44,4EJOS,0.0285,"(1653, 0, 1919, 275)","(1729, 201, 1794, 227)"
261,10.44,1A82545,0.0812,"(374, 348, 788, 715)","(483, 624, 573, 653)"
262,10.48,1OS,0.0171,"(1643, 0, 1919, 282)","(1718, 206, 1785, 232)"
262,10.48,1A82545,0.0841,"(374, 348, 788, 715)","(483, 624, 573, 653)"
263,10.52,105,0.2151,"(1633, 0, 1919, 286)","(1710, 210, 1775, 238)"
263,10.52,1A82545,0.0841,"(374, 348, 788, 715)","(483, 624, 573, 653)"
264,10.56,1705,0.1129,"(1624, 0, 1919, 294)","(1702, 216, 1768, 242)"
264,10.56,1A82545,0.0841,"(374, 348, 788, 715)","(483, 624, 573, 653)"
265,10.6,LA8254S,0.2801,"(374, 349, 788, 715)","(483, 625, 573, 653)"
265,10.6,10S,0.0789,"(1614, 0, 1918, 297)","(1693, 220, 1760, 247)"
266,10.64,14T705,0.1006,"(1606, 3, 1919, 304)","(1685, 227, 1752, 252)"
266,10.64,LA8254S,0.2801,"(374, 349, 788, 715)","(483, 625, 573, 653)"
267,10.68,LA8254S,0.2801,"(374, 349, 788, 715)","(483, 625, 573, 653)"
267,10.68,1X705,0.1524,"(1596, 8, 1919, 310)","(1677, 234, 1745, 259)"
268,10.72,1A82545,0.0841,"(374, 348, 788, 715)","(483, 624, 573, 653)"
268,10.72,J70,0.0559,"(1587, 11, 1919, 319)","(1669, 241, 1737, 266)"
269,10.76,ILTO70S,0.0058,"(1581, 17, 1919, 325)","(1661, 247, 1731, 272)"
269,10.76,1A82545,0.0841,"(374, 348, 788, 715)","(483, 624, 573, 653)"
270,10.8,1A82545,0.0841,"(374, 348, 788, 715)","(483, 624, 573, 653)"
270,10.8,1LF76770S,0.0355,"(1570, 21, 1919, 330)","(1655, 254, 1725, 278)"
271,10.84,1A82545,0.0841,"(374, 348, 788, 715)","(483, 624, 573, 653)"
271,10.84,LF705,0.1369,"(1559, 23, 1919, 338)","(1648, 261, 1718, 285)"
272,10.88,1A82545,0.0941,"(374, 348, 788, 715)","(483, 624, 573, 653)"
272,10.88,IF6JOS,0.0222,"(1551, 28, 1918, 344)","(1642, 269, 1711, 291)"
273,10.92,I6705,0.2032,"(1542, 35, 1918, 348)","(1636, 272, 1706, 298)"
273,10.92,1A82545,0.0853,"(374, 348, 788, 715)","(483, 624, 573, 653)"
274,10.96,W6705,0.07,"(1537, 41, 1917, 355)","(1628, 278, 1700, 304)"
274,10.96,1A82545,0.086,"(374, 348, 788, 715)","(483, 624, 573, 653)"
275,11.0,4670S,0.079,"(1532, 47, 1917, 359)","(1623, 284, 1694, 309)"
275,11.0,5A8254S,0.1448,"(374, 348, 788, 715)","(483, 624, 573, 653)"
276,11.04,5A8254S,0.1435,"(374, 348, 788, 716)","(483, 624, 573, 653)"
276,11.04,146703,0.0941,"(1526, 49, 1912, 366)","(1616, 289, 1688, 315)"
277,11.08,5A8254S,0.1435,"(374, 348, 788, 716)","(483, 624, 573, 653)"
277,11.08,14705,0.0348,"(1515, 56, 1903, 372)","(1609, 296, 1681, 319)"
278,11.12,5A8254S,0.1435,"(374, 348, 788, 716)","(483, 624, 573, 653)"
278,11.12,146705,0.2301,"(1507, 61, 1892, 380)","(1604, 301, 1676, 326)"
279,11.16,5A8254S,0.1436,"(374, 348, 788, 716)","(483, 624, 573, 653)"
279,11.16,I6705,0.1142,"(1498, 66, 1885, 387)","(1597, 308, 1670, 332)"
280,11.2,5A8254S,0.1201,"(374, 348, 788, 716)","(483, 624, 573, 653)"
280,11.2,W6705,0.1515,"(1491, 70, 1875, 393)","(1591, 312, 1664, 338)"
281,11.24,IE6705,0.3848,"(1485, 75, 1869, 399)","(1581, 321, 1658, 346)"
281,11.24,IA82545,0.1741,"(373, 348, 788, 716)","(483, 625, 573, 654)"
282,11.28,IA82545,0.134,"(373, 348, 788, 716)","(483, 625, 573, 654)"
282,11.28,ILE670S,0.2285,"(1477, 81, 1862, 405)","(1577, 330, 1652, 352)"
283,11.32,5A8254S,0.1094,"(374, 347, 788, 716)","(483, 624, 573, 653)"
283,11.32,ILE6705,0.1218,"(1471, 86, 1853, 417)","(1572, 337, 1647, 360)"
284,11.36,5A8254S,0.1094,"(374, 348, 788, 716)","(483, 624, 573, 653)"
284,11.36,IE675,0.176,"(1464, 92, 1847, 424)","(1565, 343, 1640, 367)"
285,11.4,5A8254S,0.1094,"(374, 348, 788, 716)","(483, 624, 573, 653)"
285,11.4,IE6705,0.4569,"(1452, 97, 1843, 431)","(1558, 349, 1635, 374)"
286,11.44,5A8254S,0.1094,"(374, 348, 788, 716)","(483, 624, 573, 653)"
286,11.44,IE6705,0.2921,"(1441, 101, 1834, 441)","(1551, 358, 1630, 383)"
287,11.48,5A8254S,0.1094,"(374, 348, 788, 716)","(483, 624, 573, 653)"
287,11.48,IE67OS,0.2743,"(1440, 105, 1831, 445)","(1547, 365, 1625, 389)"
288,11.52,IA82545,0.1547,"(373, 348, 788, 716)","(483, 625, 573, 654)"
288,11.52,I670S,0.2682,"(1433, 110, 1824, 453)","(1541, 373, 1619, 396)"
289,11.56,IA82545,0.1552,"(373, 348, 788, 716)","(483, 625, 573, 654)"
289,11.56,JAE67OS,0.3857,"(1429, 115, 1819, 462)","(1535, 380, 1613, 404)"
290,11.6,IA82545,0.1547,"(373, 348, 788, 716)","(483, 625, 573, 654)"
290,11.6,JAE6705,0.4063,"(1421, 123, 1805, 468)","(1528, 387, 1607, 413)"
291,11.64,A8254S,0.2104,"(373, 347, 788, 716)","(483, 625, 573, 653)"
291,11.64,IAE6705,0.2708,"(1414, 128, 1801, 476)","(1523, 394, 1602, 421)"
292,11.68,5A8254S,0.1095,"(374, 348, 788, 717)","(483, 624, 573, 653)"
292,11.68,L670S,0.0262,"(1409, 133, 1794, 485)","(1516, 400, 1597, 427)"
292,11.68,EAE6Z05,0.0674,"(1409, 133, 1795, 484)","(1511, 400, 1598, 428)"
293,11.72,5A8254S,0.1095,"(374, 348, 788, 717)","(483, 624, 573, 653)"
293,11.72,OE6705,0.0823,"(1402, 141, 1790, 490)","(1509, 410, 1591, 435)"
294,11.76,UAE6705,0.1794,"(1394, 146, 1782, 496)","(1503, 418, 1585, 443)"
294,11.76,5A8254S,0.1095,"(374, 348, 788, 716)","(483, 624, 573, 653)"
295,11.8,5A8254S,0.1094,"(374, 348, 788, 716)","(483, 624, 573, 653)"
295,11.8,UAE670S,0.0536,"(1388, 153, 1778, 503)","(1496, 427, 1579, 451)"
296,11.84,A8254S,0.2065,"(374, 348, 788, 716)","(483, 625, 573, 653)"
296,11.84,UAE6705,0.3954,"(1380, 158, 1771, 512)","(1490, 434, 1573, 459)"
297,11.88,A8254S,0.2324,"(374, 348, 788, 716)","(483, 625, 573, 653)"
297,11.88,IT670S,0.099,"(1372, 164, 1766, 523)","(1482, 439, 1568, 466)"
298,11.92,OAE6705,0.089,"(1362, 170, 1758, 531)","(1475, 448, 1561, 474)"
298,11.92,A8254S,0.1033,"(375, 349, 789, 715)","(483, 624, 573, 653)"
299,11.96,UAE6705,0.1857,"(1355, 175, 1754, 541)","(1468, 455, 1554, 484)"
299,11.96,LA8254S,0.4603,"(373, 349, 787, 717)","(483, 627, 573, 654)"
300,12.0,LA8254S,0.407,"(374, 352, 787, 714)","(483, 625, 573, 651)"
300,12.0,IAE610S,0.0758,"(1346, 185, 1750, 548)","(1462, 461, 1547, 491)"
301,12.04,JAE6705,0.2713,"(1339, 186, 1744, 558)","(1454, 470, 1539, 500)"
301,12.04,LA82545,0.3736,"(375, 347, 787, 716)","(482, 628, 572, 655)"
302,12.08,IL6705,0.0392,"(1332, 196, 1737, 569)","(1447, 480, 1533, 508)"
302,12.08,LA82545,0.2886,"(373, 349, 787, 715)","(483, 625, 573, 653)"
303,12.12,4AE6705,0.1099,"(1323, 202, 1730, 576)","(1438, 489, 1526, 518)"
303,12.12,LA82545,0.4063,"(374, 347, 788, 716)","(482, 626, 573, 652)"
304,12.16,LA82545,0.2202,"(374, 346, 788, 716)","(482, 626, 573, 653)"
304,12.16,JAE67OS,0.3366,"(1314, 208, 1725, 587)","(1430, 499, 1518, 528)"
305,12.2,IAE6705,0.2089,"(1305, 217, 1721, 596)","(1423, 506, 1512, 538)"
305,12.2,LA8254S,0.4859,"(374, 347, 788, 716)","(483, 625, 573, 652)"
306,12.24,JAE6705,0.3268,"(1297, 220, 1716, 607)","(1415, 519, 1504, 546)"
306,12.24,LA8254S,0.3325,"(374, 347, 789, 715)","(483, 625, 573, 653)"
307,12.28,EA82545,0.2985,"(374, 347, 788, 716)","(483, 624, 573, 652)"
307,12.28,44E6705,0.2036,"(1288, 221, 1707, 612)","(1407, 525, 1496, 557)"
308,12.32,LLE6705,0.0907,"(1280, 222, 1701, 625)","(1399, 534, 1489, 566)"
308,12.32,LA8254S,0.2445,"(375, 346, 788, 716)","(483, 625, 573, 653)"
309,12.36,LA82545,0.3057,"(374, 346, 788, 716)","(482, 626, 573, 653)"
309,12.36,46705,0.3067,"(1269, 227, 1697, 634)","(1390, 543, 1482, 576)"
310,12.4,LA82545,0.3057,"(374, 346, 788, 715)","(482, 626, 573, 653)"
310,12.4,LE6Z05,0.3303,"(1261, 234, 1693, 644)","(1382, 553, 1473, 586)"
311,12.44,IA8254S,0.1726,"(374, 347, 788, 715)","(482, 625, 573, 653)"
311,12.44,4LE6705,0.238,"(1251, 252, 1686, 657)","(1372, 566, 1466, 596)"
312,12.48,EA8254S,0.1095,"(374, 347, 788, 715)","(482, 625, 573, 653)"
312,12.48,ILE6705,0.1073,"(1243, 258, 1680, 666)","(1365, 575, 1458, 607)"
313,12.52,IA8254S,0.1259,"(374, 347, 789, 715)","(482, 625, 573, 653)"
313,12.52,WAE67OS,0.4712,"(1232, 268, 1673, 674)","(1355, 586, 1452, 616)"
314,12.56,IA8254S,0.1259,"(374, 347, 788, 715)","(482, 625, 573, 653)"
314,12.56,UAE67OS,0.2846,"(1221, 274, 1665, 685)","(1348, 595, 1443, 626)"
315,12.6,IA8254S,0.1259,"(374, 347, 788, 715)","(482, 625, 573, 653)"
315,12.6,UAE6705,0.1296,"(1214, 286, 1658, 697)","(1340, 606, 1436, 637)"
316,12.64,DAE6Z05,0.0781,"(1205, 295, 1651, 710)","(1329, 618, 1427, 648)"
316,12.64,IA8254S,0.1259,"(374, 347, 788, 715)","(482, 625, 573, 653)"
317,12.68,IE6Z05,0.275,"(1195, 300, 1647, 721)","(1320, 627, 1416, 660)"
317,12.68,IA8254S,0.1259,"(374, 347, 788, 715)","(482, 625, 573, 653)"
318,12.72,IE6Z05,0.2634,"(1186, 305, 1638, 736)","(1312, 638, 1409, 670)"
318,12.72,IA8254S,0.1259,"(374, 347, 788, 715)","(482, 625, 573, 653)"
319,12.76,IAE6Z0S,0.1377,"(1174, 313, 1636, 741)","(1302, 652, 1400, 682)"
319,12.76,IA8254S,0.1259,"(374, 347, 788, 715)","(482, 625, 573, 653)"
320,12.8,IAE670S,0.0951,"(1163, 323, 1628, 752)","(1293, 660, 1393, 693)"
320,12.8,IA8254S,0.1259,"(374, 347, 788, 715)","(482, 625, 573, 653)"
321,12.84,ZAE6705,0.3229,"(1152, 333, 1621, 763)","(1283, 670, 1384, 704)"
321,12.84,IA8254S,0.1309,"(374, 347, 788, 715)","(482, 625, 573, 653)"
322,12.88,ZAE67OS,0.5415,"(1144, 341, 1613, 777)","(1274, 684, 1374, 716)"
322,12.88,LA8254S,0.2565,"(374, 348, 788, 715)","(482, 625, 573, 653)"
323,12.92,ZAE6705,0.4201,"(1134, 346, 1610, 788)","(1264, 695, 1365, 729)"
323,12.92,LA8254S,0.2565,"(374, 348, 788, 715)","(482, 625, 573, 653)"
324,12.96,ZAE67OS,0.7236,"(1121, 352, 1605, 802)","(1255, 708, 1356, 740)"
324,12.96,LA8254S,0.2565,"(374, 348, 788, 715)","(482, 625, 573, 653)"
325,13.0,UAE67OS,0.2568,"(1114, 359, 1597, 812)","(1245, 721, 1347, 753)"
325,13.0,LA8254S,0.2565,"(374, 348, 788, 715)","(482, 625, 573, 653)"
326,13.04,UAE67OS,0.2126,"(1103, 366, 1590, 826)","(1235, 731, 1338, 764)"
326,13.04,E82545,0.3249,"(375, 348, 788, 715)","(483, 624, 573, 652)"
327,13.08,WAE67OS,0.3119,"(1091, 372, 1580, 838)","(1225, 744, 1328, 777)"
327,13.08,LA82545,0.3309,"(374, 348, 788, 715)","(482, 625, 573, 653)"
328,13.12,LE67OS,0.2326,"(1077, 386, 1570, 854)","(1214, 755, 1318, 790)"
328,13.12,EA82545,0.1998,"(375, 348, 788, 715)","(483, 624, 573, 652)"
329,13.16,LA82545,0.2602,"(374, 348, 788, 715)","(482, 625, 573, 653)"
329,13.16,LAE67OS,0.4033,"(1069, 396, 1564, 864)","(1204, 770, 1310, 802)"
330,13.2,LA82545,0.2716,"(374, 348, 788, 715)","(482, 625, 573, 653)"
330,13.2,CAE67OS,0.7966,"(1055, 411, 1567, 884)","(1195, 781, 1300, 815)"
331,13.24,LA82545,0.2811,"(374, 349, 788, 715)","(482, 625, 573, 653)"
331,13.24,CLE67OS,0.3864,"(1044, 421, 1553, 896)","(1183, 791, 1291, 828)"
332,13.28,LA82545,0.3176,"(374, 348, 788, 716)","(483, 625, 573, 653)"
332,13.28,LLE67OS,0.4548,"(1031, 426, 1543, 909)","(1172, 809, 1280, 843)"
333,13.32,LA82545,0.3176,"(374, 348, 788, 716)","(483, 625, 573, 653)"
333,13.32,ZAE67OS,0.229,"(985, 436, 1536, 923)","(1162, 821, 1272, 856)"
334,13.36,LA82545,0.3088,"(374, 348, 788, 716)","(483, 625, 573, 653)"
334,13.36,ZE67OS,0.1616,"(991, 445, 1529, 938)","(1151, 833, 1260, 869)"
335,13.4,LA82545,0.3088,"(374, 348, 788, 716)","(483, 625, 573, 653)"
335,13.4,EE6ZOS,0.2155,"(992, 453, 1518, 951)","(1139, 850, 1249, 885)"
336,13.44,LA82545,0.3088,"(374, 348, 788, 716)","(483, 625, 573, 653)"
336,13.44,ZLE6Z0S,0.2,"(973, 464, 1511, 971)","(1128, 859, 1240, 898)"
337,13.48,LA82545,0.3093,"(375, 348, 788, 716)","(483, 625, 573, 653)"
337,13.48,ZAE670S,0.2028,"(968, 475, 1502, 988)","(1116, 877, 1228, 915)"
338,13.52,LA82545,0.2359,"(375, 348, 788, 716)","(483, 625, 573, 653)"
338,13.52,EAE670S,0.3436,"(958, 487, 1495, 995)","(1105, 893, 1219, 928)"
339,13.56,ZAE6Z05,0.1872,"(948, 494, 1488, 1016)","(1095, 909, 1209, 945)"
339,13.56,IA82545,0.1397,"(375, 348, 788, 716)","(483, 624, 572, 653)"
340,13.6,LA82545,0.3567,"(374, 349, 788, 717)","(482, 626, 572, 654)"
341,13.64,EA82545,0.1933,"(374, 348, 788, 716)","(482, 624, 573, 653)"
342,13.68,LA82545,0.3084,"(374, 348, 788, 717)","(482, 626, 573, 654)"
343,13.72,LA82545,0.1791,"(374, 348, 788, 716)","(482, 624, 573, 653)"
344,13.76,LA82545,0.3012,"(374, 349, 788, 716)","(482, 626, 573, 653)"
345,13.8,LA82545,0.4514,"(374, 348, 788, 715)","(483, 625, 573, 653)"
346,13.84,LA82545,0.561,"(374, 348, 788, 716)","(483, 626, 573, 653)"
347,13.88,EKE67OS,0.1245,"(838, 587, 1417, 1071)","(994, 1035, 1113, 1071)"
347,13.88,LA82545,0.5776,"(374, 349, 788, 715)","(483, 626, 573, 653)"
348,13.92,LA82545,0.4635,"(374, 348, 788, 715)","(483, 625, 573, 653)"
349,13.96,LA82545,0.4635,"(374, 349, 788, 716)","(483, 625, 573, 653)"
350,14.0,LA82545,0.4635,"(374, 349, 788, 716)","(483, 625, 573, 653)"
351,14.04,LA82545,0.4635,"(374, 349, 788, 716)","(483, 625, 573, 653)"
352,14.08,LA82545,0.4635,"(374, 349, 788, 716)","(483, 625, 573, 653)"
353,14.12,LA82545,0.4534,"(374, 348, 788, 716)","(483, 625, 573, 653)"
354,14.16,LA82545,0.4275,"(374, 348, 788, 716)","(483, 625, 573, 653)"
355,14.2,LA82545,0.4275,"(374, 348, 788, 716)","(483, 625, 573, 653)"
356,14.24,LA82545,0.4275,"(374, 348, 788, 716)","(483, 625, 573, 653)"
357,14.28,LA82545,0.4256,"(374, 348, 788, 716)","(483, 625, 573, 653)"
358,14.32,L48254S,0.1253,"(374, 347, 788, 716)","(482, 625, 573, 653)"
359,14.36,LA82545,0.4251,"(374, 348, 788, 716)","(483, 625, 573, 653)"
360,14.4,LA82545,0.4251,"(374, 348, 788, 716)","(483, 625, 573, 653)"
361,14.44,LA82545,0.4251,"(374, 348, 788, 716)","(483, 625, 573, 653)"
362,14.48,LA8254S,0.3601,"(374, 348, 788, 716)","(483, 626, 573, 653)"
363,14.52,LA8254S,0.3601,"(374, 348, 788, 716)","(483, 626, 573, 653)"
364,14.56,LA8254S,0.3601,"(374, 348, 788, 716)","(483, 626, 573, 653)"
365,14.6,LA82545,0.3045,"(374, 347, 788, 716)","(482, 626, 573, 652)"
366,14.64,LA8254S,0.3601,"(374, 348, 788, 716)","(483, 626, 573, 653)"
367,14.68,LA82545,0.3045,"(374, 347, 788, 716)","(482, 626, 573, 652)"
368,14.72,LA82545,0.3045,"(374, 347, 788, 716)","(482, 626, 573, 652)"
369,14.76,LA8254S,0.3601,"(374, 348, 788, 716)","(483, 626, 573, 653)"
370,14.8,LA8254S,0.3601,"(374, 348, 788, 716)","(483, 626, 573, 653)"
371,14.84,LA8254S,0.3601,"(374, 348, 788, 716)","(483, 626, 573, 653)"
372,14.88,LA8254S,0.3601,"(374, 348, 788, 716)","(483, 626, 573, 653)"
373,14.92,LA8254S,0.3601,"(374, 348, 788, 716)","(483, 626, 573, 653)"
374,14.96,LA8254S,0.3601,"(374, 348, 788, 716)","(483, 626, 573, 653)"
375,15.0,LA82545,0.3605,"(374, 348, 788, 715)","(483, 626, 573, 653)"
376,15.04,LA82545,0.3605,"(374, 348, 788, 715)","(483, 626, 573, 653)"
377,15.08,LA82545,0.398,"(374, 348, 788, 715)","(483, 625, 573, 653)"
378,15.12,LA82545,0.3999,"(374, 348, 788, 715)","(483, 625, 573, 653)"
379,15.16,LA82545,0.3924,"(374, 348, 788, 715)","(483, 625, 573, 653)"
380,15.2,LA82545,0.3924,"(374, 348, 788, 715)","(483, 625, 573, 653)"
381,15.24,LA82545,0.3925,"(374, 348, 788, 715)","(483, 625, 573, 653)"
382,15.28,LA82545,0.4188,"(374, 348, 788, 715)","(483, 625, 573, 653)"
383,15.32,LA82545,0.3925,"(374, 348, 788, 715)","(483, 625, 573, 653)"
384,15.36,LA82545,0.3945,"(374, 348, 788, 715)","(483, 625, 573, 653)"
385,15.4,LA8254S,0.4483,"(374, 350, 788, 716)","(483, 625, 574, 654)"
386,15.44,LA8254S,0.4483,"(374, 350, 788, 716)","(483, 625, 574, 654)"
387,15.48,LA8254S,0.4483,"(374, 350, 788, 716)","(483, 625, 574, 654)"
388,15.52,LA8254S,0.4483,"(374, 350, 788, 716)","(483, 625, 574, 654)"
389,15.56,LA8254S,0.4483,"(374, 350, 788, 716)","(483, 625, 574, 654)"
390,15.6,LA8254S,0.148,"(374, 350, 788, 716)","(483, 625, 574, 654)"
391,15.64,LA8254S,0.1462,"(374, 350, 788, 716)","(483, 625, 574, 654)"
392,15.68,LA8254S,0.4033,"(374, 350, 788, 716)","(483, 625, 574, 654)"
393,15.72,LA8254S,0.4033,"(374, 350, 788, 716)","(483, 625, 574, 654)"
394,15.76,LA8254S,0.4169,"(374, 350, 788, 716)","(483, 625, 574, 654)"
395,15.8,LA8254S,0.4352,"(374, 350, 788, 716)","(483, 625, 574, 654)"
396,15.84,LA8254S,0.4339,"(374, 350, 788, 716)","(483, 625, 574, 654)"
397,15.88,LA8254S,0.4304,"(374, 350, 788, 716)","(483, 625, 574, 654)"
398,15.92,LA8254S,0.4773,"(374, 350, 788, 716)","(483, 625, 574, 654)"
399,15.96,LA8254S,0.4771,"(374, 350, 788, 716)","(483, 625, 574, 654)"
400,16.0,LA8254S,0.4774,"(374, 350, 788, 716)","(483, 625, 574, 654)"
401,16.04,LA8254S,0.4576,"(374, 350, 788, 716)","(483, 625, 574, 654)"
402,16.08,LA8254S,0.4389,"(373, 351, 786, 716)","(482, 627, 574, 654)"
403,16.12,LA8254S,0.2762,"(373, 351, 786, 717)","(482, 626, 574, 655)"
404,16.16,LA8254S,0.442,"(373, 349, 787, 717)","(482, 627, 574, 654)"
405,16.2,LA8254S,0.2026,"(373, 351, 786, 716)","(482, 627, 574, 655)"
406,16.24,LA8254S,0.4825,"(373, 349, 787, 717)","(483, 627, 574, 654)"
407,16.28,LA8254S,0.4825,"(373, 349, 787, 717)","(483, 627, 574, 654)"
408,16.32,LA8254S,0.4825,"(373, 349, 787, 717)","(483, 627, 574, 654)"
409,16.36,LA8254S,0.4917,"(373, 349, 787, 717)","(483, 627, 574, 654)"
410,16.4,LA8254S,0.4917,"(373, 349, 787, 717)","(483, 627, 574, 654)"
411,16.44,LA8254S,0.4917,"(373, 349, 787, 717)","(483, 627, 574, 654)"
412,16.48,LA8254S,0.4917,"(373, 349, 787, 717)","(483, 627, 574, 654)"
413,16.52,LA8254S,0.4917,"(373, 349, 787, 717)","(483, 627, 574, 654)"
414,16.56,LA8254S,0.3271,"(373, 349, 787, 717)","(483, 627, 574, 654)"
415,16.6,LA8254S,0.3271,"(373, 349, 787, 717)","(483, 627, 574, 654)"
416,16.64,LA8254S,0.3271,"(373, 349, 787, 717)","(483, 627, 574, 654)"
417,16.68,LA8254S,0.3655,"(373, 349, 787, 717)","(483, 627, 574, 654)"
418,16.72,LA82545,0.3327,"(373, 349, 787, 717)","(483, 627, 574, 654)"
419,16.76,LA82545,0.35,"(373, 348, 787, 717)","(483, 627, 574, 654)"
420,16.8,LA82545,0.35,"(373, 349, 787, 717)","(483, 627, 574, 654)"
421,16.84,LA82545,0.3751,"(373, 349, 787, 717)","(483, 627, 574, 654)"
422,16.88,LA82545,0.3751,"(373, 348, 787, 717)","(483, 627, 574, 654)"
423,16.92,LA82545,0.3751,"(373, 348, 787, 717)","(483, 627, 574, 654)"
424,16.96,LA82545,0.3751,"(373, 348, 787, 717)","(483, 627, 574, 654)"
425,17.0,LA82545,0.3751,"(373, 348, 787, 717)","(483, 627, 574, 654)"
426,17.04,LA8254S,0.3737,"(373, 348, 788, 717)","(483, 627, 574, 654)"
427,17.08,LA8254S,0.3591,"(373, 348, 788, 717)","(483, 626, 574, 654)"
428,17.12,LA8254S,0.3512,"(373, 348, 788, 717)","(483, 626, 574, 654)"
429,17.16,LA8254S,0.3532,"(373, 348, 788, 717)","(483, 626, 574, 654)"
430,17.2,LA82545,0.4143,"(373, 348, 787, 717)","(483, 627, 574, 654)"
431,17.24,LA82545,0.4143,"(373, 348, 787, 717)","(483, 627, 574, 654)"
432,17.28,LA8254S,0.3738,"(373, 349, 787, 717)","(483, 626, 574, 654)"
433,17.32,LA8254S,0.2865,"(373, 349, 787, 717)","(482, 626, 574, 654)"
434,17.36,LA8254S,0.3655,"(373, 349, 787, 717)","(483, 626, 574, 654)"
435,17.4,LA8254S,0.3699,"(373, 349, 787, 717)","(483, 626, 574, 654)"
436,17.44,LA8254S,0.3538,"(373, 349, 787, 717)","(483, 626, 574, 654)"
437,17.48,LA8254S,0.2932,"(373, 349, 787, 717)","(482, 626, 574, 655)"
438,17.52,A82545,0.1317,"(373, 349, 787, 717)","(483, 626, 574, 655)"
439,17.56,LA8254S,0.187,"(373, 349, 787, 717)","(483, 627, 574, 655)"
440,17.6,LA8254S,0.2172,"(373, 349, 787, 717)","(483, 627, 574, 655)"
441,17.64,LA8254S,0.2421,"(373, 349, 787, 717)","(483, 627, 574, 655)"
442,17.68,LA8254S,0.2714,"(373, 349, 787, 717)","(483, 627, 574, 655)"
443,17.72,LA8254S,0.3047,"(373, 349, 787, 717)","(483, 627, 574, 655)"
444,17.76,LA8254S,0.2785,"(373, 349, 787, 717)","(483, 627, 574, 655)"
445,17.8,LA8254S,0.2241,"(373, 349, 787, 717)","(483, 627, 574, 655)"
446,17.84,A82545,0.082,"(373, 349, 787, 718)","(483, 626, 574, 655)"
447,17.88,A82545,0.082,"(373, 349, 787, 718)","(483, 626, 574, 655)"
448,17.92,A82545,0.082,"(373, 349, 787, 718)","(483, 626, 574, 655)"
449,17.96,A82545,0.0835,"(373, 351, 786, 717)","(483, 626, 574, 655)"
450,18.0,LA8254S,0.27,"(373, 348, 788, 718)","(483, 626, 574, 654)"
451,18.04,LA8254S,0.3322,"(373, 348, 788, 718)","(483, 627, 574, 654)"
452,18.08,LA8254S,0.265,"(373, 348, 788, 718)","(483, 626, 574, 654)"
453,18.12,LA8254S,0.2507,"(373, 348, 788, 717)","(483, 627, 574, 654)"
454,18.16,LA82545,0.1646,"(374, 348, 788, 717)","(483, 626, 574, 655)"
455,18.2,LA82545,0.1647,"(374, 348, 788, 717)","(483, 626, 574, 655)"
455,18.2,IAPMIBG,0.0401,"(1670, 1, 1914, 129)","(1756, 66, 1810, 84)"
456,18.24,LA82545,0.1646,"(374, 348, 788, 717)","(483, 626, 574, 655)"
457,18.28,LA82545,0.5182,"(373, 348, 788, 717)","(483, 627, 574, 654)"
458,18.32,LA82545,0.1621,"(374, 348, 788, 717)","(483, 626, 574, 655)"
459,18.36,A82545,0.1463,"(374, 347, 788, 717)","(483, 626, 574, 655)"
460,18.4,A82545,0.1448,"(374, 347, 788, 717)","(483, 626, 574, 655)"
461,18.44,LA82545,0.1962,"(374, 348, 788, 717)","(483, 626, 574, 654)"
462,18.48,LA82545,0.4548,"(374, 347, 788, 717)","(483, 627, 574, 655)"
463,18.52,LA82545,0.4548,"(374, 347, 788, 717)","(483, 627, 574, 655)"
464,18.56,LA82545,0.3525,"(374, 347, 788, 717)","(483, 627, 574, 655)"
465,18.6,82545,0.9663,"(374, 347, 787, 717)","(483, 628, 574, 655)"
466,18.64,LA82545,0.3082,"(374, 347, 788, 717)","(483, 628, 574, 655)"
467,18.68,UA82545,0.2866,"(373, 349, 788, 717)","(483, 628, 574, 656)"
468,18.72,A82545,0.1578,"(374, 352, 789, 717)","(483, 627, 574, 656)"
469,18.76,LA82545,0.4801,"(374, 350, 789, 718)","(483, 629, 574, 657)"
470,18.8,LA82545,0.2541,"(374, 349, 789, 718)","(482, 629, 574, 657)"
471,18.84,LA82545,0.432,"(374, 351, 788, 717)","(483, 630, 574, 657)"
472,18.88,LA82545,0.2056,"(375, 349, 789, 718)","(483, 629, 574, 656)"
473,18.92,82545,0.6895,"(374, 352, 789, 718)","(484, 627, 574, 656)"
474,18.96,LA82545,0.5135,"(374, 350, 789, 718)","(484, 629, 575, 656)"
475,19.0,LA82545,0.4541,"(374, 351, 789, 718)","(483, 629, 574, 656)"
476,19.04,L482545,0.348,"(374, 350, 789, 718)","(483, 629, 575, 657)"
477,19.08,L482545,0.151,"(374, 350, 790, 718)","(483, 628, 575, 656)"
478,19.12,L482545,0.1575,"(374, 351, 790, 718)","(483, 628, 574, 656)"
479,19.16,LA82545,0.2476,"(373, 349, 790, 718)","(484, 629, 575, 655)"
480,19.2,JAPHIBB,0.0515,"(1531, 91, 1849, 360)","(1637, 288, 1707, 311)"
480,19.2,A82545,0.0721,"(374, 352, 789, 717)","(483, 627, 574, 656)"
481,19.24,LA82545,0.1522,"(374, 354, 787, 717)","(483, 627, 574, 655)"
482,19.28,LA82545,0.1604,"(374, 351, 787, 717)","(483, 627, 574, 655)"
483,19.32,1A82545,0.1211,"(374, 352, 787, 717)","(483, 627, 574, 656)"
484,19.36,LA8254S,0.2189,"(374, 351, 787, 717)","(483, 627, 574, 655)"
485,19.4,1A82545,0.1645,"(374, 352, 787, 717)","(483, 627, 574, 656)"
486,19.44,L482545,0.2087,"(374, 350, 787, 717)","(483, 627, 574, 654)"
487,19.48,LA8254S,0.2567,"(374, 352, 787, 717)","(483, 627, 574, 655)"
488,19.52,E482545,0.2027,"(374, 350, 787, 717)","(483, 626, 575, 654)"
489,19.56,JAPHI88,0.2066,"(1445, 191, 1810, 492)","(1575, 409, 1652, 436)"
489,19.56,E482545,0.1769,"(374, 350, 787, 717)","(483, 626, 575, 654)"
490,19.6,JAPHI88,0.3502,"(1428, 202, 1807, 504)","(1567, 424, 1646, 451)"
490,19.6,E482545,0.1968,"(374, 350, 787, 717)","(483, 626, 575, 654)"
491,19.64,PHI88,0.4586,"(1429, 214, 1801, 519)","(1560, 439, 1640, 466)"
491,19.64,LA8254S,0.273,"(374, 348, 788, 717)","(483, 627, 574, 655)"
492,19.68,LA8254S,0.2108,"(374, 348, 788, 718)","(483, 627, 574, 654)"
493,19.72,LA82545,0.2581,"(374, 347, 788, 718)","(483, 627, 574, 655)"
493,19.72,JAPHL88,0.2971,"(1423, 230, 1785, 554)","(1544, 472, 1629, 498)"
494,19.76,LA82545,0.1353,"(374, 349, 787, 717)","(483, 626, 574, 654)"
495,19.8,JAPHU8S,0.0945,"(1404, 267, 1781, 593)","(1526, 503, 1611, 531)"
495,19.8,E482545,0.1178,"(374, 347, 789, 718)","(483, 625, 574, 653)"
496,19.84,5A82545,0.0833,"(374, 347, 789, 718)","(483, 625, 574, 654)"
497,19.88,LA82545,0.1656,"(374, 346, 789, 717)","(483, 626, 574, 654)"
497,19.88,JAPHL88,0.1381,"(1384, 295, 1770, 636)","(1508, 541, 1596, 569)"
498,19.92,JAPHL88,0.4373,"(1361, 309, 1764, 651)","(1497, 560, 1587, 588)"
498,19.92,EA82545,0.0572,"(374, 347, 789, 718)","(483, 625, 574, 654)"
499,19.96,JAPHI88,0.1863,"(1344, 323, 1758, 670)","(1487, 581, 1578, 609)"
499,19.96,L482545,0.1194,"(373, 347, 788, 717)","(483, 625, 574, 653)"
500,20.0,EA82545,0.0981,"(375, 348, 789, 717)","(483, 625, 573, 653)"
501,20.04,PHI88,0.3769,"(1335, 358, 1750, 716)","(1468, 624, 1559, 655)"
501,20.04,LA82545,0.3226,"(375, 348, 789, 716)","(483, 626, 573, 654)"
502,20.08,LA8254S,0.3471,"(375, 348, 789, 716)","(483, 626, 573, 653)"
503,20.12,LA8254S,0.3471,"(375, 348, 789, 716)","(483, 626, 573, 653)"
504,20.16,LA82545,0.3525,"(375, 348, 789, 716)","(483, 626, 573, 654)"
505,20.2,LA82545,0.3525,"(375, 348, 789, 716)","(483, 626, 573, 654)"
505,20.2,JAPHI88,0.2804,"(1284, 427, 1719, 812)","(1422, 722, 1520, 752)"
506,20.24,IA82545,0.0923,"(375, 348, 789, 716)","(482, 626, 573, 655)"
506,20.24,IAPHL88,0.2892,"(1267, 449, 1722, 841)","(1411, 746, 1512, 778)"
507,20.28,LA8254S,0.2274,"(374, 353, 789, 716)","(483, 626, 572, 653)"
507,20.28,UAPHI88,0.1642,"(1248, 466, 1746, 867)","(1397, 772, 1501, 806)"
508,20.32,LA82545,0.208,"(375, 348, 790, 715)","(483, 627, 573, 655)"
508,20.32,PHL88,0.5457,"(1234, 488, 1701, 895)","(1387, 800, 1489, 834)"
509,20.36,IAPHL88,0.2865,"(1223, 504, 1689, 926)","(1372, 827, 1478, 863)"
509,20.36,LA82545,0.1937,"(375, 351, 789, 716)","(483, 626, 573, 654)"
510,20.4,L482545,0.3051,"(374, 351, 789, 717)","(482, 627, 573, 655)"
511,20.44,LA8254S,0.4742,"(375, 349, 789, 716)","(483, 626, 573, 653)"
511,20.44,UAPHL88,0.281,"(1193, 553, 1670, 983)","(1342, 885, 1451, 922)"
512,20.48,LA82545,0.2832,"(376, 348, 789, 716)","(483, 626, 573, 654)"
513,20.52,LA8254S,0.1433,"(375, 348, 789, 715)","(482, 626, 574, 655)"
514,20.56,E8254S,0.3374,"(375, 348, 789, 715)","(482, 624, 574, 654)"
515,20.6,LA8254S,0.1518,"(375, 349, 789, 715)","(482, 626, 574, 655)"
516,20.64,LA8254S,0.1668,"(375, 349, 788, 715)","(482, 626, 574, 655)"
517,20.68,LA8254S,0.1812,"(375, 348, 789, 715)","(482, 626, 574, 655)"
517,20.68,,0.0,"(1414, 3, 1644, 65)","(1491, 3, 1547, 24)"
518,20.72,LA8254S,0.1309,"(375, 348, 789, 715)","(482, 626, 575, 655)"
518,20.72,J2E0,0.0416,"(1412, 3, 1643, 70)","(1490, 6, 1546, 29)"
519,20.76,E48254S,0.2123,"(376, 348, 789, 715)","(482, 625, 574, 654)"
519,20.76,,0.0,"(1407, 2, 1640, 77)","(1487, 10, 1543, 32)"
520,20.8,EA8254S,0.071,"(374, 349, 787, 716)","(483, 625, 574, 653)"
520,20.8,,0.0,"(1406, 2, 1640, 82)","(1487, 13, 1543, 37)"
521,20.84,L48254S,0.1456,"(375, 354, 787, 713)","(482, 626, 574, 655)"
521,20.84,,0.0,"(1406, 1, 1639, 90)","(1486, 21, 1541, 44)"
522,20.88,L48254S,0.2187,"(375, 349, 789, 716)","(482, 630, 574, 656)"
522,20.88,,0.0,"(1404, 1, 1636, 90)","(1484, 20, 1539, 43)"
523,20.92,LA8254S,0.1903,"(375, 350, 788, 716)","(483, 626, 574, 654)"
523,20.92,,0.0,"(1401, 1, 1636, 91)","(1482, 27, 1538, 50)"
524,20.96,L482545,0.1607,"(374, 350, 788, 715)","(482, 626, 574, 654)"
524,20.96,,0.0,"(1398, 0, 1635, 98)","(1481, 31, 1537, 55)"
525,21.0,LA8254S,0.1066,"(375, 352, 788, 716)","(482, 627, 574, 656)"
525,21.0,981,0.0645,"(1396, 2, 1632, 100)","(1479, 34, 1534, 58)"
526,21.04,LA82545,0.1145,"(375, 350, 789, 716)","(482, 626, 574, 655)"
526,21.04,,0.0,"(1394, 0, 1632, 104)","(1477, 38, 1533, 61)"
527,21.08,LA8254S,0.2392,"(375, 350, 789, 716)","(482, 627, 574, 656)"
527,21.08,,0.0,"(1393, 0, 1631, 109)","(1475, 42, 1532, 66)"
528,21.12,LA8254S,0.2178,"(375, 351, 789, 716)","(482, 627, 574, 655)"
528,21.12,,0.0,"(1393, 0, 1631, 110)","(1474, 47, 1532, 70)"
529,21.16,L482545,0.2254,"(375, 352, 789, 717)","(482, 627, 574, 655)"
529,21.16,F9,0.0672,"(1389, 0, 1629, 113)","(1472, 50, 1529, 74)"
530,21.2,LA82545,0.1864,"(375, 351, 789, 716)","(482, 627, 574, 655)"
530,21.2,,0.0,"(1387, 0, 1628, 120)","(1469, 54, 1528, 78)"
531,21.24,LA82545,0.1882,"(375, 350, 788, 715)","(482, 628, 574, 656)"
531,21.24,,0.0,"(1382, 0, 1629, 122)","(1468, 58, 1526, 82)"
532,21.28,E48254S,0.2161,"(375, 352, 789, 716)","(482, 626, 574, 655)"
532,21.28,,0.0,"(1380, 0, 1628, 133)","(1466, 63, 1525, 87)"
533,21.32,LA8254S,0.2042,"(375, 350, 788, 716)","(482, 627, 574, 656)"
533,21.32,J4,0.1092,"(1380, 0, 1628, 138)","(1463, 67, 1523, 91)"
534,21.36,LA82545,0.3327,"(375, 350, 788, 715)","(482, 628, 574, 655)"
534,21.36,W9Q,0.0805,"(1376, 1, 1627, 136)","(1462, 72, 1522, 96)"
535,21.4,LA82545,0.4517,"(375, 350, 788, 715)","(482, 628, 574, 655)"
535,21.4,4GI,0.1669,"(1372, 3, 1627, 145)","(1460, 76, 1520, 101)"
536,21.44,LA8254S,0.1722,"(375, 350, 789, 716)","(482, 627, 574, 655)"
536,21.44,JEQI,0.0164,"(1368, 0, 1629, 148)","(1457, 80, 1518, 105)"
537,21.48,0A8254S,0.058,"(375, 351, 789, 716)","(482, 626, 574, 655)"
537,21.48,LEU,0.029,"(1364, 0, 1628, 156)","(1455, 85, 1516, 110)"
538,21.52,J79,0.0587,"(1364, 0, 1628, 158)","(1452, 90, 1514, 114)"
538,21.52,IA82545,0.055,"(375, 351, 789, 716)","(482, 626, 574, 655)"
539,21.56,IA8254S,0.0968,"(375, 350, 789, 716)","(482, 626, 574, 655)"
539,21.56,44961,0.1288,"(1358, 0, 1626, 157)","(1449, 97, 1512, 120)"
540,21.6,49,0.2439,"(1357, 0, 1627, 165)","(1448, 101, 1509, 125)"
540,21.6,L48254S,0.126,"(375, 351, 789, 716)","(482, 627, 574, 655)"
541,21.64,43,0.137,"(1354, 0, 1626, 170)","(1446, 105, 1507, 130)"
541,21.64,LA82545,0.3085,"(375, 350, 789, 715)","(482, 628, 574, 656)"
542,21.68,JK961,0.0701,"(1352, 0, 1623, 177)","(1441, 109, 1504, 134)"
542,21.68,L482545,0.1292,"(375, 350, 788, 716)","(482, 627, 574, 655)"
542,21.68,,0.0,"(1773, 0, 1918, 79)","(1855, 28, 1908, 50)"
543,21.72,43961,0.1641,"(1347, 0, 1621, 181)","(1440, 114, 1504, 140)"
543,21.72,4A8254S,0.0973,"(375, 351, 788, 716)","(482, 627, 574, 656)"
543,21.72,9EC0G,0.0205,"(1771, 0, 1918, 82)","(1854, 32, 1908, 53)"
544,21.76,IK961,0.2753,"(1345, 0, 1621, 186)","(1438, 120, 1501, 144)"
544,21.76,LA82545,0.2683,"(375, 350, 788, 716)","(482, 627, 574, 655)"
544,21.76,9004,0.1948,"(1769, 0, 1918, 91)","(1854, 35, 1908, 56)"
545,21.8,FK961,0.0551,"(1342, 0, 1617, 195)","(1435, 124, 1500, 149)"
545,21.8,LA8254S,0.2994,"(375, 350, 789, 716)","(482, 627, 574, 655)"
546,21.84,43K961,0.1677,"(1337, 0, 1615, 198)","(1433, 128, 1497, 155)"
546,21.84,LA8254S,0.2449,"(375, 350, 789, 715)","(482, 627, 574, 655)"
546,21.84,9EO0L,0.0229,"(1769, 0, 1919, 96)","(1853, 45, 1906, 65)"
547,21.88,3K961,0.2335,"(1331, 0, 1615, 206)","(1429, 136, 1494, 160)"
547,21.88,LA82545,0.2639,"(375, 350, 789, 716)","(482, 627, 574, 655)"
547,21.88,90016,0.1099,"(1767, 1, 1918, 101)","(1852, 48, 1906, 70)"
548,21.92,L7961,0.0802,"(1328, 0, 1615, 209)","(1426, 142, 1493, 166)"
548,21.92,LA8254S,0.2803,"(375, 350, 789, 715)","(482, 627, 574, 655)"
548,21.92,,0.0,"(1766, 2, 1918, 105)","(1850, 52, 1905, 73)"
549,21.96,LA8254S,0.1093,"(375, 350, 789, 716)","(482, 626, 574, 655)"
549,21.96,3K9611,0.2095,"(1327, 0, 1613, 213)","(1424, 145, 1486, 171)"
549,21.96,35016,0.2245,"(1764, 3, 1918, 108)","(1850, 56, 1905, 77)"
550,22.0,LA8254S,0.2372,"(375, 348, 788, 716)","(482, 627, 573, 655)"
550,22.0,7796,0.0414,"(1325, 0, 1610, 222)","(1420, 151, 1483, 176)"
550,22.0,36816,0.2511,"(1762, 4, 1918, 114)","(1849, 61, 1904, 81)"
551,22.04,LA8254S,0.1307,"(375, 352, 789, 715)","(482, 626, 574, 655)"
551,22.04,3K961,0.0828,"(1320, 0, 1606, 226)","(1417, 155, 1483, 183)"
551,22.04,36826,0.877,"(1762, 2, 1918, 117)","(1847, 66, 1903, 86)"
552,22.08,LA82545,0.2206,"(375, 349, 789, 715)","(482, 628, 573, 655)"
552,22.08,I3K961,0.0673,"(1316, 0, 1605, 232)","(1413, 161, 1479, 187)"
552,22.08,36806,0.152,"(1761, 0, 1918, 120)","(1847, 70, 1903, 89)"
553,22.12,0A8254S,0.0489,"(375, 348, 788, 715)","(482, 625, 574, 654)"
553,22.12,3K961,0.6292,"(1314, 0, 1603, 231)","(1411, 167, 1476, 192)"
553,22.12,36906,0.0784,"(1757, 0, 1918, 126)","(1845, 73, 1901, 94)"
554,22.16,743K961,0.1876,"(1308, 0, 1603, 242)","(1406, 171, 1473, 197)"
554,22.16,LA8254S,0.3052,"(375, 348, 789, 716)","(482, 626, 574, 655)"
554,22.16,796836,0.5386,"(1756, 0, 1918, 129)","(1848, 78, 1901, 98)"
555,22.2,7K961,0.2106,"(1306, 2, 1601, 251)","(1404, 177, 1471, 203)"
555,22.2,1482545,0.0522,"(375, 348, 789, 716)","(482, 625, 574, 654)"
555,22.2,90086,0.145,"(1754, 0, 1919, 137)","(1841, 83, 1899, 102)"
556,22.24,4K96,0.1164,"(1302, 5, 1598, 261)","(1400, 182, 1466, 210)"
556,22.24,LA8254S,0.1442,"(375, 348, 788, 716)","(482, 626, 574, 655)"
556,22.24,96886,0.8193,"(1752, 1, 1919, 142)","(1840, 86, 1898, 106)"
557,22.28,3K961,0.4322,"(1299, 14, 1596, 261)","(1397, 189, 1465, 216)"
557,22.28,L482545,0.1079,"(375, 348, 789, 715)","(482, 625, 574, 654)"
557,22.28,90026,0.0769,"(1749, 2, 1918, 142)","(1839, 91, 1897, 112)"
558,22.32,43K961,0.155,"(1296, 19, 1594, 268)","(1394, 195, 1462, 223)"
558,22.32,LA82545,0.1952,"(375, 348, 789, 715)","(482, 625, 574, 654)"
558,22.32,96006,0.504,"(1749, 3, 1918, 149)","(1838, 95, 1896, 115)"
559,22.36,I326,0.0171,"(1291, 23, 1591, 281)","(1388, 203, 1458, 230)"
559,22.36,LA8254S,0.3064,"(375, 348, 788, 715)","(482, 626, 574, 654)"
559,22.36,98026,0.2679,"(1744, 2, 1919, 155)","(1835, 100, 1895, 119)"
560,22.4,I49,0.134,"(1285, 29, 1589, 281)","(1383, 209, 1455, 239)"
560,22.4,LA82545,0.1385,"(375, 352, 788, 715)","(483, 625, 574, 654)"
560,22.4,90986,0.3206,"(1740, 2, 1919, 161)","(1835, 106, 1893, 125)"
561,22.44,143960,0.1896,"(1280, 35, 1586, 283)","(1381, 218, 1451, 244)"
561,22.44,LA8254S,0.5402,"(375, 349, 788, 715)","(482, 627, 573, 655)"
561,22.44,98906,0.7092,"(1736, 4, 1919, 165)","(1832, 112, 1892, 132)"
562,22.48,LAT9,0.0869,"(1275, 37, 1583, 294)","(1378, 224, 1446, 252)"
562,22.48,LA8254S,0.2135,"(374, 351, 789, 716)","(482, 627, 573, 655)"
562,22.48,96006,0.5794,"(1735, 4, 1919, 166)","(1831, 113, 1890, 134)"
563,22.52,44AR9GL,0.023,"(1272, 47, 1579, 301)","(1375, 230, 1443, 259)"
563,22.52,96086,0.7031,"(1735, 2, 1919, 176)","(1830, 122, 1888, 142)"
563,22.52,LA8254S,0.2211,"(375, 351, 787, 714)","(482, 624, 574, 653)"
564,22.56,96086,0.6934,"(1733, 2, 1919, 177)","(1828, 123, 1887, 144)"
564,22.56,LA8254S,0.1901,"(375, 353, 787, 714)","(482, 627, 574, 655)"
564,22.56,12961,0.2693,"(1268, 49, 1578, 307)","(1370, 234, 1439, 264)"
565,22.6,E48254S,0.1244,"(375, 352, 787, 716)","(482, 625, 574, 654)"
565,22.6,96006,0.5327,"(1732, 0, 1919, 181)","(1827, 129, 1887, 149)"
565,22.6,43E61,0.259,"(1265, 55, 1576, 327)","(1366, 245, 1436, 270)"
566,22.64,96086,0.7643,"(1728, 0, 1919, 189)","(1825, 133, 1884, 154)"
566,22.64,FK9Q1,0.0885,"(1258, 60, 1573, 329)","(1362, 248, 1432, 276)"
566,22.64,IA8254S,0.0986,"(374, 352, 787, 715)","(482, 625, 574, 654)"
567,22.68,96086,0.9335,"(1727, 0, 1919, 192)","(1822, 136, 1883, 157)"
567,22.68,142T961,0.0644,"(1254, 65, 1571, 334)","(1359, 255, 1430, 283)"
567,22.68,LA8254S,0.2592,"(375, 352, 787, 715)","(482, 627, 574, 655)"
568,22.72,96006,0.5352,"(1725, 0, 1919, 198)","(1819, 139, 1882, 162)"
568,22.72,MAKEQ0,0.1838,"(1252, 71, 1569, 344)","(1353, 262, 1427, 291)"
568,22.72,LA8254S,0.1375,"(375, 352, 787, 715)","(482, 625, 574, 654)"
569,22.76,96086,0.9372,"(1722, 0, 1919, 202)","(1816, 143, 1880, 166)"
569,22.76,73K961,0.0953,"(1246, 78, 1562, 351)","(1348, 269, 1422, 298)"
569,22.76,L48254S,0.3608,"(375, 352, 787, 715)","(482, 626, 574, 654)"
570,22.8,HAKEU,0.0379,"(1242, 84, 1561, 353)","(1345, 275, 1418, 306)"
570,22.8,I48254S,0.1198,"(374, 352, 787, 716)","(482, 625, 574, 655)"
570,22.8,96886,0.4903,"(1720, 0, 1919, 205)","(1815, 147, 1877, 170)"
571,22.84,LA8254S,0.2865,"(374, 351, 787, 715)","(482, 626, 574, 654)"
571,22.84,96886,0.5041,"(1715, 0, 1919, 213)","(1812, 153, 1875, 175)"
571,22.84,IAKEE1,0.0536,"(1233, 91, 1560, 363)","(1339, 284, 1414, 314)"
572,22.88,L48254S,0.2105,"(375, 351, 787, 715)","(482, 626, 574, 654)"
572,22.88,96806,0.9414,"(1713, 0, 1919, 217)","(1809, 157, 1874, 179)"
572,22.88,HAKEQ1,0.093,"(1229, 95, 1557, 370)","(1335, 291, 1410, 322)"
573,22.92,96886,0.7659,"(1710, 0, 1919, 221)","(1808, 162, 1872, 183)"
573,22.92,LA8254S,0.1445,"(375, 351, 786, 715)","(482, 627, 574, 655)"
573,22.92,4ZKOE1,0.0679,"(1225, 100, 1554, 380)","(1331, 298, 1406, 330)"
574,22.96,TK9,0.1091,"(1221, 105, 1553, 381)","(1325, 308, 1401, 337)"
574,22.96,96886,0.9684,"(1707, 0, 1919, 226)","(1805, 168, 1870, 190)"
574,22.96,L48254S,0.2813,"(375, 352, 786, 715)","(482, 626, 574, 654)"
575,23.0,4ALEEL,0.1255,"(1214, 114, 1552, 395)","(1320, 314, 1396, 346)"
575,23.0,96886,0.8662,"(1704, 0, 1919, 233)","(1802, 173, 1869, 195)"
575,23.0,148254S,0.1177,"(374, 353, 787, 715)","(483, 626, 574, 655)"
576,23.04,3K96,0.7176,"(1206, 119, 1550, 398)","(1314, 328, 1391, 353)"
576,23.04,L48254S,0.3002,"(374, 352, 787, 715)","(482, 626, 574, 654)"
576,23.04,96886,0.9136,"(1700, 0, 1919, 237)","(1800, 178, 1866, 201)"
577,23.08,3K961,0.6031,"(1196, 126, 1550, 407)","(1310, 331, 1385, 361)"
577,23.08,L48254S,0.2923,"(374, 352, 787, 715)","(482, 626, 574, 654)"
577,23.08,96086,0.6672,"(1696, 0, 1919, 244)","(1797, 183, 1864, 206)"
578,23.12,L48254S,0.289,"(374, 352, 787, 715)","(482, 626, 574, 654)"
578,23.12,96886,0.3039,"(1694, 2, 1919, 247)","(1795, 190, 1862, 212)"
578,23.12,29,0.165,"(1195, 131, 1551, 420)","(1305, 338, 1382, 370)"
579,23.16,LA8254S,0.2943,"(374, 352, 786, 715)","(482, 627, 574, 655)"
579,23.16,96886,0.9808,"(1691, 5, 1919, 255)","(1791, 193, 1860, 219)"
579,23.16,391,0.7712,"(1188, 139, 1550, 430)","(1299, 348, 1377, 378)"
580,23.2,IA8254S,0.1411,"(375, 352, 786, 715)","(482, 626, 574, 655)"
580,23.2,3K9,0.4263,"(1184, 144, 1542, 440)","(1294, 356, 1372, 388)"
580,23.2,96886,0.9916,"(1689, 11, 1919, 261)","(1789, 200, 1857, 225)"
581,23.24,IA8254S,0.1483,"(374, 352, 786, 715)","(482, 626, 574, 655)"
581,23.24,L3K961,0.1366,"(1177, 152, 1540, 449)","(1287, 371, 1366, 397)"
581,23.24,96886,0.9727,"(1685, 14, 1919, 269)","(1786, 207, 1854, 231)"
582,23.28,96886,0.9987,"(1683, 19, 1919, 276)","(1784, 213, 1852, 238)"
582,23.28,IA8254S,0.1809,"(374, 352, 786, 715)","(482, 626, 574, 655)"
582,23.28,143K961,0.3151,"(1164, 159, 1528, 456)","(1282, 382, 1359, 406)"
583,23.32,IA8254S,0.1516,"(374, 352, 786, 715)","(482, 626, 574, 655)"
583,23.32,96886,0.9456,"(1679, 21, 1919, 284)","(1781, 220, 1850, 244)"
583,23.32,T3K961,0.0668,"(1152, 164, 1523, 468)","(1276, 391, 1355, 415)"
584,23.36,IA8254S,0.2031,"(374, 352, 787, 716)","(483, 626, 574, 655)"
584,23.36,96086,0.6524,"(1675, 27, 1919, 290)","(1778, 226, 1848, 251)"
584,23.36,IASK961,0.076,"(1147, 171, 1516, 480)","(1270, 400, 1349, 425)"
585,23.4,I48254S,0.0674,"(375, 349, 789, 716)","(482, 624, 573, 654)"
585,23.4,743K961,0.411,"(1143, 180, 1513, 488)","(1263, 409, 1341, 434)"
585,23.4,96886,0.8418,"(1671, 33, 1919, 297)","(1775, 233, 1844, 257)"
586,23.44,148254S,0.0975,"(375, 350, 790, 716)","(482, 624, 573, 654)"
586,23.44,I43K961,0.1029,"(1139, 187, 1511, 495)","(1256, 415, 1336, 444)"
586,23.44,36886,0.4427,"(1667, 38, 1919, 302)","(1773, 238, 1843, 263)"
587,23.48,548254S,0.12,"(375, 350, 789, 715)","(482, 624, 573, 654)"
587,23.48,73961,0.3531,"(1131, 193, 1505, 507)","(1249, 425, 1330, 453)"
587,23.48,96886,0.7185,"(1664, 45, 1919, 313)","(1771, 246, 1841, 270)"
588,23.52,43K961,0.1254,"(1126, 200, 1501, 518)","(1242, 435, 1323, 463)"
588,23.52,048254S,0.1083,"(375, 349, 789, 716)","(482, 624, 573, 654)"
588,23.52,96886,0.6338,"(1662, 49, 1919, 321)","(1767, 255, 1838, 278)"
589,23.56,43K961,0.593,"(1122, 209, 1496, 530)","(1235, 446, 1318, 472)"
589,23.56,048254S,0.1082,"(375, 349, 789, 716)","(482, 624, 573, 654)"
589,23.56,26886,0.55,"(1657, 55, 1919, 318)","(1767, 262, 1836, 286)"
590,23.6,E482545,0.1801,"(375, 349, 789, 716)","(482, 624, 573, 653)"
590,23.6,I3K9GI,0.3147,"(1116, 219, 1490, 543)","(1226, 447, 1311, 481)"
590,23.6,74196886,0.3333,"(1655, 59, 1919, 321)","(1761, 269, 1834, 293)"
591,23.64,E482545,0.1053,"(375, 349, 789, 716)","(482, 624, 573, 653)"
591,23.64,343K961,0.1551,"(1107, 224, 1489, 538)","(1219, 465, 1301, 490)"
591,23.64,96886,0.8073,"(1650, 66, 1919, 340)","(1758, 277, 1832, 302)"
592,23.68,IA8254S,0.2023,"(375, 350, 789, 716)","(482, 625, 573, 654)"
592,23.68,43K961,0.29,"(1096, 224, 1485, 546)","(1211, 471, 1294, 500)"
592,23.68,96886,0.9888,"(1645, 70, 1919, 348)","(1755, 288, 1828, 311)"
593,23.72,IA8254S,0.224,"(375, 350, 789, 715)","(482, 625, 573, 654)"
593,23.72,96886,0.9419,"(1641, 75, 1919, 358)","(1752, 296, 1825, 319)"
593,23.72,143K961,0.4738,"(1089, 225, 1480, 567)","(1203, 476, 1288, 510)"
594,23.76,IA8254S,0.22,"(375, 350, 789, 716)","(482, 625, 573, 654)"
594,23.76,13K961,0.6228,"(1080, 244, 1474, 578)","(1194, 491, 1279, 520)"
594,23.76,96886,0.9046,"(1636, 83, 1919, 362)","(1750, 303, 1823, 327)"
595,23.8,EA82545,0.2067,"(374, 351, 789, 715)","(482, 624, 572, 653)"
595,23.8,7196886,0.5406,"(1635, 92, 1919, 369)","(1747, 311, 1821, 334)"
595,23.8,443K961,0.3462,"(1070, 255, 1467, 588)","(1186, 503, 1271, 531)"
596,23.84,E482545,0.1191,"(375, 350, 789, 715)","(482, 625, 573, 654)"
596,23.84,7196886,0.4689,"(1633, 99, 1918, 382)","(1744, 318, 1819, 343)"
596,23.84,1143K96,0.1154,"(1061, 267, 1468, 594)","(1178, 515, 1263, 544)"
597,23.88,0482545,0.0871,"(374, 349, 787, 716)","(482, 624, 574, 654)"
597,23.88,796886,0.9532,"(1629, 105, 1918, 392)","(1740, 325, 1816, 351)"
597,23.88,I3K961,0.4315,"(1050, 275, 1464, 608)","(1170, 524, 1255, 555)"
598,23.92,IA82545,0.11,"(374, 351, 788, 716)","(482, 624, 573, 654)"
598,23.92,74196886,0.3991,"(1627, 112, 1919, 398)","(1737, 333, 1813, 358)"
598,23.92,3K961,0.6867,"(1042, 281, 1462, 623)","(1160, 538, 1247, 566)"
598,23.92,3K961,0.9498,"(1041, 280, 1473, 624)","(1158, 537, 1250, 566)"
599,23.96,7496886,0.3348,"(1623, 117, 1919, 406)","(1734, 341, 1810, 366)"
599,23.96,5482545,0.0982,"(374, 349, 788, 716)","(481, 624, 573, 654)"
599,23.96,3K961,0.7626,"(1030, 293, 1458, 639)","(1151, 550, 1237, 580)"
600,24.0,96886,0.7604,"(1619, 124, 1919, 415)","(1731, 349, 1808, 374)"
600,24.0,EA8254S,0.108,"(374, 350, 787, 716)","(482, 625, 573, 654)"
600,24.0,I3K961,0.2001,"(1022, 303, 1445, 649)","(1140, 561, 1229, 593)"
601,24.04,IA82545,0.112,"(375, 349, 788, 716)","(482, 623, 573, 653)"
601,24.04,96886,0.8035,"(1616, 132, 1919, 424)","(1727, 357, 1805, 383)"
601,24.04,3K961,0.6679,"(1005, 309, 1431, 663)","(1129, 574, 1220, 605)"
602,24.08,LA82545,0.2881,"(374, 350, 788, 716)","(482, 625, 573, 654)"
602,24.08,796886,0.7588,"(1605, 140, 1919, 438)","(1723, 368, 1801, 393)"
602,24.08,I3K961,0.43,"(982, 318, 1426, 674)","(1122, 587, 1211, 617)"
603,24.12,A82545,0.2645,"(374, 350, 788, 716)","(482, 624, 573, 654)"
603,24.12,96886,0.9111,"(1591, 146, 1918, 446)","(1719, 376, 1799, 402)"
603,24.12,I3K961,0.1766,"(968, 326, 1419, 686)","(1112, 601, 1201, 630)"
604,24.16,LA82545,0.3402,"(374, 350, 788, 716)","(482, 625, 573, 654)"
604,24.16,96886,0.9981,"(1593, 151, 1918, 455)","(1716, 387, 1795, 412)"
604,24.16,3K961,0.96,"(967, 335, 1414, 705)","(1100, 614, 1190, 644)"
605,24.2,A82545,0.0694,"(374, 350, 789, 716)","(482, 624, 574, 654)"
605,24.2,96886,0.8038,"(1589, 159, 1918, 465)","(1712, 398, 1792, 422)"
605,24.2,743K961,0.345,"(960, 348, 1409, 720)","(1089, 625, 1181, 658)"
606,24.24,96886,0.8858,"(1586, 165, 1918, 477)","(1708, 407, 1789, 432)"
606,24.24,A82545,0.1705,"(374, 350, 789, 716)","(482, 624, 573, 654)"
606,24.24,3K961,0.7121,"(951, 360, 1400, 734)","(1078, 637, 1172, 671)"
607,24.28,968B0,0.3109,"(1583, 174, 1918, 487)","(1704, 417, 1787, 443)"
607,24.28,A82545,0.1396,"(374, 350, 789, 716)","(482, 624, 573, 654)"
607,24.28,3K961,0.8349,"(940, 369, 1398, 746)","(1066, 652, 1159, 685)"
608,24.32,EA82545,0.1251,"(374, 350, 788, 716)","(482, 624, 573, 654)"
608,24.32,3K9611,0.3693,"(926, 379, 1394, 758)","(1054, 665, 1148, 699)"
608,24.32,968B6,0.4925,"(1580, 184, 1918, 494)","(1700, 428, 1782, 453)"
609,24.36,EA82545,0.143,"(374, 350, 788, 716)","(482, 624, 573, 654)"
609,24.36,3K961,0.8591,"(911, 387, 1395, 771)","(1041, 680, 1137, 714)"
609,24.36,96886,0.8967,"(1578, 190, 1918, 503)","(1696, 435, 1780, 463)"
610,24.4,LA82545,0.2846,"(374, 351, 788, 717)","(482, 625, 573, 654)"
610,24.4,3K9611,0.379,"(901, 401, 1390, 786)","(1030, 697, 1125, 730)"
610,24.4,96886,0.9946,"(1574, 198, 1918, 512)","(1692, 446, 1777, 474)"
611,24.44,EA8254S,0.1138,"(374, 351, 788, 716)","(482, 624, 573, 654)"
611,24.44,3K9611,0.7946,"(885, 409, 1381, 801)","(1017, 712, 1113, 744)"
611,24.44,96886,0.9902,"(1571, 208, 1917, 525)","(1690, 456, 1773, 484)"
612,24.48,LA82545,0.2846,"(374, 351, 788, 717)","(482, 625, 573, 654)"
612,24.48,96836,0.3867,"(1565, 215, 1913, 540)","(1686, 468, 1769, 494)"
612,24.48,3K9611,0.4134,"(873, 424, 1357, 819)","(1003, 722, 1101, 759)"
612,24.48,,0.0,"(1396, 1, 1625, 53)","(1472, 1, 1523, 11)"
613,24.52,LA82545,0.3211,"(374, 351, 788, 717)","(482, 625, 573, 654)"
613,24.52,74968B6,0.4802,"(1559, 217, 1910, 550)","(1681, 477, 1766, 506)"
613,24.52,3K961,0.6775,"(859, 436, 1348, 833)","(990, 743, 1091, 777)"
614,24.56,LA82545,0.3553,"(374, 350, 788, 717)","(482, 625, 573, 654)"
614,24.56,3K9611,0.5346,"(845, 448, 1341, 851)","(976, 751, 1076, 790)"
614,24.56,74968B6,0.4715,"(1553, 223, 1909, 564)","(1677, 487, 1762, 516)"
614,24.56,VOIOU,0.0372,"(1393, 2, 1626, 60)","(1465, 2, 1519, 17)"
615,24.6,3K961,0.7181,"(829, 457, 1328, 867)","(961, 774, 1065, 808)"
615,24.6,LA82545,0.4403,"(374, 350, 788, 717)","(482, 625, 573, 654)"
615,24.6,968B6,0.9817,"(1550, 237, 1907, 574)","(1672, 498, 1759, 527)"
615,24.6,VOIAN,0.3066,"(1391, 2, 1624, 63)","(1464, 3, 1516, 20)"
616,24.64,3K961,0.5177,"(814, 471, 1320, 882)","(948, 789, 1050, 825)"
616,24.64,LA82545,0.4403,"(374, 350, 788, 717)","(482, 625, 573, 654)"
616,24.64,7968B6,0.6864,"(1542, 253, 1905, 586)","(1668, 511, 1757, 538)"
616,24.64,,0.0,"(1387, 2, 1621, 67)","(1460, 6, 1515, 25)"
617,24.68,3K961,0.5767,"(799, 481, 1313, 900)","(933, 808, 1034, 841)"
617,24.68,EA82545,0.147,"(374, 350, 787, 717)","(482, 624, 573, 654)"
617,24.68,968B6,0.605,"(1538, 260, 1905, 598)","(1663, 524, 1751, 551)"
617,24.68,,0.0,"(1383, 1, 1620, 69)","(1458, 10, 1512, 28)"
618,24.72,EA82545,0.2465,"(374, 350, 787, 717)","(482, 624, 573, 654)"
618,24.72,3K961,0.7015,"(779, 497, 1303, 921)","(919, 826, 1020, 860)"
618,24.72,7968B6,0.7809,"(1534, 271, 1902, 611)","(1658, 537, 1747, 564)"
618,24.72,90,0.3618,"(1380, 0, 1616, 71)","(1456, 13, 1510, 32)"
619,24.76,0A82545,0.0756,"(374, 351, 787, 717)","(482, 625, 574, 655)"
619,24.76,AK9E1,0.2958,"(768, 503, 1301, 938)","(901, 843, 1008, 877)"
619,24.76,7968B6,0.8256,"(1530, 278, 1905, 622)","(1655, 549, 1745, 578)"
619,24.76,690,0.0542,"(1377, 0, 1615, 74)","(1453, 18, 1508, 36)"
620,24.8,EA8254S,0.2618,"(374, 350, 786, 717)","(482, 625, 574, 654)"
620,24.8,3K961,0.9122,"(748, 516, 1303, 962)","(886, 857, 992, 896)"
620,24.8,7968B6,0.357,"(1521, 288, 1905, 637)","(1649, 563, 1739, 592)"
620,24.8,,0.0,"(1374, 0, 1612, 76)","(1451, 21, 1505, 40)"
621,24.84,E48254S,0.0866,"(374, 350, 787, 717)","(482, 624, 574, 654)"
621,24.84,T3K961,0.2904,"(732, 538, 1304, 975)","(869, 880, 977, 916)"
621,24.84,96886,0.4834,"(1515, 301, 1903, 651)","(1646, 577, 1737, 606)"
621,24.84,TOSO,0.0804,"(1372, 0, 1611, 82)","(1448, 25, 1504, 44)"
622,24.88,4A82545,0.1973,"(374, 349, 785, 711)","(482, 626, 573, 656)"
622,24.88,7496886,0.2513,"(1508, 309, 1898, 664)","(1640, 590, 1732, 620)"
622,24.88,773K961,0.2712,"(716, 548, 1279, 1006)","(851, 893, 960, 936)"
622,24.88,F6I90,0.05,"(1370, 0, 1609, 89)","(1445, 29, 1502, 48)"
623,24.92,968B6,0.5029,"(1497, 320, 1899, 683)","(1635, 606, 1728, 634)"
623,24.92,LA82545,0.3108,"(374, 349, 786, 711)","(482, 626, 573, 654)"
623,24.92,TOTSP,0.0329,"(1368, 0, 1608, 93)","(1443, 34, 1499, 52)"
623,24.92,73K961,0.4442,"(699, 565, 1253, 1035)","(835, 918, 947, 956)"
624,24.96,7968B6,0.5832,"(1470, 330, 1896, 695)","(1630, 619, 1725, 648)"
624,24.96,UA82545,0.3041,"(374, 349, 786, 711)","(482, 626, 573, 655)"
624,24.96,3K961,0.7167,"(677, 580, 1234, 1039)","(817, 939, 928, 977)"
624,24.96,O9D,0.0865,"(1364, 1, 1605, 96)","(1439, 38, 1496, 56)"
625,25.0,3K961,0.9421,"(662, 593, 1225, 1050)","(800, 961, 913, 1000)"
625,25.0,I4968B6,0.2044,"(1453, 340, 1894, 707)","(1625, 633, 1718, 663)"
625,25.0,LA8254S,0.1991,"(373, 349, 787, 712)","(482, 626, 573, 654)"
625,25.0,TOTSO,0.1079,"(1361, 1, 1605, 102)","(1438, 42, 1495, 60)"
626,25.04,3K961,0.9281,"(637, 603, 1213, 1072)","(779, 979, 895, 1021)"
626,25.04,EA8254S,0.0348,"(374, 349, 788, 717)","(482, 625, 573, 655)"
626,25.04,7968B6,0.5068,"(1462, 351, 1890, 726)","(1620, 649, 1717, 679)"
626,25.04,VOPAU,0.0017,"(1359, 2, 1603, 102)","(1434, 46, 1491, 64)"
627,25.08,3K961,0.784,"(621, 629, 1200, 1072)","(762, 1004, 876, 1042)"
627,25.08,968B6,0.9524,"(1460, 367, 1889, 741)","(1615, 665, 1711, 695)"
627,25.08,LA82545,0.1472,"(373, 349, 786, 712)","(482, 626, 573, 654)"
627,25.08,CU5A,0.0056,"(1355, 1, 1601, 107)","(1432, 50, 1490, 68)"
628,25.12,LA82545,0.1841,"(373, 349, 786, 713)","(482, 627, 574, 654)"
628,25.12,7968B6,0.4916,"(1464, 379, 1885, 756)","(1609, 680, 1707, 711)"
628,25.12,E3K961,0.4488,"(597, 641, 1188, 1071)","(741, 1026, 857, 1067)"
628,25.12,06153,0.1076,"(1351, 0, 1598, 112)","(1429, 53, 1487, 72)"
629,25.16,LA8254S,0.2498,"(373, 349, 785, 713)","(482, 626, 574, 654)"
629,25.16,796886,0.4305,"(1459, 391, 1883, 777)","(1604, 695, 1703, 727)"
629,25.16,PISCKI,0.0138,"(579, 660, 1175, 1074)","(722, 1049, 836, 1074)"
629,25.16,MOBR,0.0102,"(1348, 0, 1596, 115)","(1427, 58, 1485, 76)"
630,25.2,LA8254S,0.2519,"(373, 349, 785, 713)","(482, 626, 575, 654)"
630,25.2,796886,0.4834,"(1451, 402, 1881, 790)","(1598, 713, 1699, 744)"
630,25.2,EG,0.0447,"(1346, 0, 1592, 118)","(1424, 62, 1482, 81)"
631,25.24,LA82545,0.2101,"(373, 349, 786, 712)","(482, 627, 574, 654)"
631,25.24,74968B6,0.2191,"(1447, 414, 1879, 806)","(1594, 732, 1696, 763)"
631,25.24,DOLSQ,0.0202,"(1343, 0, 1590, 124)","(1421, 66, 1480, 85)"
632,25.28,8254,0.4511,"(373, 349, 787, 717)","(482, 625, 574, 655)"
632,25.28,IGSZ,0.0076,"(1339, 0, 1588, 126)","(1420, 70, 1478, 90)"
632,25.28,71968B6,0.3471,"(1441, 429, 1876, 827)","(1588, 749, 1692, 781)"
633,25.32,E8254S,0.1311,"(372, 351, 785, 712)","(482, 625, 576, 654)"
633,25.32,71968B6,0.3215,"(1434, 444, 1875, 843)","(1582, 767, 1687, 799)"
633,25.32,VGLOP,0.0769,"(1335, 0, 1588, 136)","(1418, 75, 1476, 94)"
634,25.36,E8254S,0.1535,"(373, 351, 785, 713)","(482, 625, 575, 654)"
634,25.36,YOUOP,0.0282,"(1333, 1, 1586, 141)","(1415, 78, 1474, 98)"
634,25.36,7196886,0.2812,"(1427, 455, 1874, 862)","(1576, 785, 1683, 818)"
635,25.4,EA8254S,0.0573,"(373, 348, 787, 717)","(482, 625, 575, 654)"
635,25.4,1O19P,0.0355,"(1327, 1, 1585, 146)","(1413, 82, 1473, 102)"
635,25.4,71968B6,0.9261,"(1419, 469, 1870, 882)","(1571, 803, 1678, 837)"
636,25.44,968B6,0.9958,"(1413, 482, 1868, 900)","(1565, 821, 1672, 858)"
636,25.44,EA8254S,0.1865,"(373, 348, 787, 717)","(482, 625, 574, 654)"
636,25.44,VOOP,0.095,"(1324, 2, 1584, 148)","(1411, 87, 1470, 105)"
637,25.48,A8254S,0.0698,"(373, 349, 787, 717)","(483, 625, 574, 654)"
637,25.48,F968B6,0.2845,"(1405, 495, 1865, 928)","(1557, 843, 1665, 877)"
637,25.48,NOL9E,0.0939,"(1320, 1, 1582, 153)","(1409, 91, 1468, 110)"
638,25.52,82545,0.5178,"(373, 349, 787, 717)","(482, 624, 574, 654)"
638,25.52,7968B6,0.6827,"(1397, 504, 1863, 948)","(1551, 863, 1662, 899)"
638,25.52,WOLP,0.1379,"(1318, 1, 1581, 157)","(1407, 95, 1468, 115)"
639,25.56,82545,0.5178,"(373, 349, 787, 717)","(482, 624, 574, 654)"
639,25.56,TOP,0.3252,"(1314, 2, 1580, 162)","(1405, 100, 1466, 120)"
639,25.56,7968B6,0.7485,"(1387, 500, 1862, 974)","(1545, 885, 1656, 920)"
640,25.6,82545,0.5178,"(373, 349, 787, 717)","(482, 624, 574, 654)"
640,25.6,TN6T9U,0.0102,"(1314, 0, 1580, 162)","(1404, 105, 1463, 125)"
640,25.6,71968B6,0.3205,"(1380, 526, 1857, 1003)","(1538, 908, 1651, 942)"
641,25.64,L48254S,0.106,"(374, 348, 788, 717)","(482, 625, 575, 653)"
641,25.64,MVO,0.1656,"(1310, 0, 1577, 171)","(1400, 110, 1463, 130)"
641,25.64,74968B6,0.2382,"(1373, 526, 1854, 1027)","(1531, 932, 1645, 966)"
642,25.68,L48254S,0.1212,"(374, 348, 789, 717)","(482, 626, 574, 654)"
642,25.68,MVS,0.0697,"(1310, 0, 1577, 173)","(1398, 114, 1461, 134)"
643,25.72,L48254S,0.106,"(374, 348, 788, 717)","(482, 625, 575, 653)"
643,25.72,TV,0.1561,"(1304, 0, 1577, 182)","(1396, 119, 1460, 138)"
644,25.76,148254S,0.0702,"(374, 348, 789, 717)","(482, 625, 574, 654)"
644,25.76,JOL9D,0.0719,"(1305, 0, 1575, 187)","(1395, 123, 1459, 144)"
645,25.8,MVO9G,0.1486,"(1305, 0, 1574, 194)","(1394, 128, 1457, 149)"
645,25.8,148254S,0.0702,"(374, 348, 789, 717)","(482, 625, 574, 654)"
645,25.8,7968B6,0.4818,"(1332, 637, 1841, 1069)","(1502, 1031, 1620, 1069)"
646,25.84,NOLGG,0.1122,"(1302, 0, 1571, 199)","(1392, 134, 1457, 153)"
646,25.84,148254S,0.0702,"(374, 348, 789, 717)","(482, 625, 574, 654)"
647,25.88,148254S,0.1043,"(373, 350, 786, 717)","(482, 625, 575, 654)"
647,25.88,V6LGD,0.0748,"(1299, 0, 1571, 201)","(1391, 137, 1455, 159)"
648,25.92,L48254S,0.1245,"(374, 349, 788, 717)","(482, 626, 575, 654)"
648,25.92,76L90,0.0989,"(1297, 0, 1571, 207)","(1388, 144, 1454, 164)"
649,25.96,82545,0.3614,"(374, 348, 788, 717)","(482, 625, 575, 653)"
649,25.96,46190,0.2971,"(1294, 0, 1571, 211)","(1388, 148, 1454, 170)"
650,26.0,LA8254S,0.1667,"(374, 349, 789, 717)","(482, 626, 574, 654)"
650,26.0,Y6L9O,0.231,"(1288, 0, 1569, 214)","(1387, 155, 1452, 175)"
651,26.04,A82548,0.0992,"(373, 350, 786, 716)","(482, 624, 576, 654)"
651,26.04,V6L9,0.6005,"(1287, 0, 1568, 218)","(1385, 159, 1452, 181)"
652,26.08,A8254S,0.1369,"(375, 348, 789, 716)","(483, 625, 574, 654)"
652,26.08,Y619,0.1393,"(1287, 0, 1566, 226)","(1384, 163, 1451, 185)"
653,26.12,A8254S,0.0602,"(374, 349, 789, 716)","(482, 625, 574, 654)"
653,26.12,V6L9,0.1575,"(1283, 1, 1568, 233)","(1383, 168, 1450, 190)"
654,26.16,LA8254S,0.2046,"(374, 347, 789, 716)","(482, 626, 574, 653)"
654,26.16,Y619,0.2431,"(1283, 4, 1566, 241)","(1383, 173, 1449, 196)"
655,26.2,L48254S,0.1845,"(374, 347, 788, 716)","(482, 626, 574, 653)"
655,26.2,VOT9G,0.0373,"(1278, 8, 1564, 250)","(1381, 179, 1449, 201)"
656,26.24,IA82545,0.1921,"(374, 347, 788, 716)","(482, 626, 574, 654)"
656,26.24,46IGG,0.2011,"(1278, 14, 1564, 255)","(1380, 185, 1448, 206)"
657,26.28,L48254S,0.1408,"(374, 347, 788, 716)","(482, 626, 574, 653)"
657,26.28,76I90,0.1444,"(1272, 19, 1566, 263)","(1378, 191, 1447, 212)"
658,26.32,L48254S,0.1232,"(374, 347, 788, 716)","(481, 626, 574, 653)"
658,26.32,176199,0.2801,"(1266, 24, 1567, 270)","(1377, 197, 1446, 219)"
659,26.36,L48254S,0.1401,"(374, 347, 788, 716)","(482, 626, 574, 653)"
659,26.36,IN6IGG,0.0775,"(1264, 31, 1564, 272)","(1376, 205, 1445, 225)"
660,26.4,IA82545,0.2283,"(374, 347, 788, 717)","(482, 626, 575, 654)"
660,26.4,N76IGG,0.0841,"(1263, 33, 1565, 277)","(1375, 210, 1444, 232)"
661,26.44,6VOG,0.0355,"(1266, 41, 1565, 288)","(1374, 217, 1444, 239)"
661,26.44,IA82545,0.2807,"(374, 348, 788, 716)","(482, 626, 574, 654)"
662,26.48,IA82545,0.2265,"(374, 348, 788, 716)","(482, 626, 575, 654)"
662,26.48,NGVDD,0.101,"(1263, 47, 1565, 292)","(1373, 224, 1443, 246)"
663,26.52,IA82545,0.1962,"(374, 348, 788, 716)","(482, 626, 574, 654)"
663,26.52,4619P,0.0328,"(1260, 50, 1564, 298)","(1371, 229, 1442, 253)"
664,26.56,0A8254S,0.0368,"(374, 348, 788, 716)","(482, 625, 575, 654)"
664,26.56,TN6U9D,0.012,"(1257, 55, 1564, 305)","(1370, 235, 1441, 258)"
665,26.6,L48254S,0.1713,"(374, 348, 788, 716)","(482, 626, 574, 654)"
665,26.6,V6190,0.3747,"(1255, 60, 1563, 311)","(1369, 241, 1440, 265)"
666,26.64,LA82545,0.1557,"(374, 348, 789, 716)","(482, 625, 574, 654)"
666,26.64,V619,0.4318,"(1251, 65, 1562, 328)","(1367, 247, 1439, 271)"
667,26.68,LA8254S,0.1479,"(374, 348, 789, 716)","(482, 625, 574, 654)"
667,26.68,4619D,0.1731,"(1253, 69, 1559, 328)","(1366, 255, 1437, 278)"
668,26.72,48254S,0.0552,"(374, 348, 789, 716)","(482, 625, 574, 654)"
668,26.72,16190,0.4019,"(1251, 74, 1560, 332)","(1364, 259, 1436, 284)"
669,26.76,1A8254,0.103,"(374, 348, 789, 716)","(482, 625, 574, 654)"
669,26.76,TOLOD,0.1902,"(1249, 80, 1558, 342)","(1362, 267, 1435, 292)"
670,26.8,LA82545,0.092,"(374, 348, 789, 716)","(482, 625, 574, 654)"
670,26.8,6LG,0.1236,"(1246, 89, 1561, 349)","(1361, 276, 1434, 299)"
671,26.84,LA8254S,0.1243,"(374, 348, 789, 716)","(482, 625, 574, 654)"
671,26.84,IV6L90,0.0184,"(1245, 95, 1562, 356)","(1359, 283, 1432, 307)"
672,26.88,LA8254,0.1509,"(374, 348, 789, 716)","(482, 625, 574, 654)"
672,26.88,TVGVGD,0.0173,"(1244, 98, 1563, 363)","(1357, 291, 1430, 315)"
673,26.92,LA8254S,0.148,"(374, 348, 789, 716)","(482, 625, 574, 654)"
673,26.92,UG9,0.37,"(1245, 104, 1560, 369)","(1354, 299, 1429, 322)"
674,26.96,LA8254S,0.105,"(374, 348, 789, 717)","(482, 625, 574, 654)"
674,26.96,TV619D,0.0483,"(1239, 111, 1563, 382)","(1353, 305, 1428, 330)"
675,27.0,LA8254S,0.1272,"(374, 348, 789, 716)","(482, 625, 574, 654)"
675,27.0,UG19P,0.1104,"(1234, 116, 1561, 393)","(1351, 313, 1426, 337)"
676,27.04,LA8254S,0.1309,"(374, 348, 789, 716)","(482, 625, 574, 654)"
676,27.04,VGLGD,0.0875,"(1231, 122, 1562, 399)","(1349, 320, 1424, 345)"
677,27.08,1A82545,0.1102,"(375, 349, 789, 717)","(482, 625, 574, 654)"
677,27.08,VG9Q,0.2711,"(1229, 128, 1560, 401)","(1346, 329, 1422, 353)"
678,27.12,1A82545,0.1102,"(375, 349, 789, 717)","(482, 625, 574, 654)"
678,27.12,V6R9P,0.1637,"(1229, 137, 1558, 413)","(1344, 336, 1421, 361)"
679,27.16,1A82545,0.1102,"(375, 349, 789, 717)","(482, 625, 574, 654)"
679,27.16,VOLOD,0.0526,"(1230, 142, 1557, 418)","(1341, 346, 1418, 370)"
680,27.2,6T90,0.0555,"(1226, 151, 1553, 430)","(1338, 355, 1415, 379)"
680,27.2,1A82545,0.1102,"(375, 349, 789, 717)","(482, 625, 574, 654)"
681,27.24,1A82545,0.1102,"(375, 349, 789, 717)","(482, 625, 574, 654)"
681,27.24,46190,0.2496,"(1219, 158, 1551, 441)","(1335, 364, 1413, 389)"
682,27.28,48254S,0.0927,"(375, 349, 789, 716)","(482, 624, 574, 653)"
682,27.28,6190,0.2033,"(1214, 163, 1550, 449)","(1331, 374, 1410, 398)"
683,27.32,96190,0.2362,"(1210, 170, 1551, 460)","(1327, 383, 1408, 408)"
683,27.32,LA8254S,0.1754,"(375, 349, 789, 717)","(482, 625, 574, 654)"
684,27.36,LA8254S,0.2674,"(375, 349, 789, 716)","(482, 625, 574, 653)"
684,27.36,96LR90,0.013,"(1206, 179, 1549, 467)","(1324, 392, 1405, 417)"
685,27.4,V6190,0.2361,"(1203, 186, 1549, 480)","(1320, 402, 1401, 428)"
685,27.4,LA8254S,0.1754,"(375, 349, 789, 717)","(482, 625, 574, 654)"
686,27.44,LA8254S,0.3189,"(375, 349, 789, 716)","(482, 625, 574, 653)"
686,27.44,V6190,0.1478,"(1197, 193, 1544, 490)","(1316, 412, 1398, 439)"
687,27.48,V61A,0.2832,"(1192, 200, 1544, 498)","(1312, 421, 1394, 448)"
687,27.48,LA8254S,0.1689,"(375, 349, 789, 717)","(482, 625, 574, 654)"
688,27.52,V6L9Q,0.0435,"(1187, 210, 1540, 509)","(1307, 432, 1390, 458)"
688,27.52,LA8254S,0.3189,"(375, 349, 789, 716)","(482, 625, 574, 653)"
689,27.56,VGL9Q,0.1101,"(1178, 218, 1541, 519)","(1302, 441, 1386, 467)"
689,27.56,LA8254S,0.1689,"(375, 349, 789, 717)","(482, 625, 574, 654)"
690,27.6,A8254S,0.1877,"(375, 349, 789, 716)","(482, 624, 574, 654)"
690,27.6,TI6190,0.1415,"(1171, 222, 1539, 534)","(1298, 450, 1382, 477)"
691,27.64,7I619,0.2173,"(1169, 226, 1531, 544)","(1293, 460, 1378, 487)"
691,27.64,A8254S,0.1877,"(375, 349, 789, 716)","(482, 624, 574, 654)"
692,27.68,A8254S,0.1877,"(375, 349, 789, 716)","(482, 624, 574, 654)"
692,27.68,TTGT90,0.0457,"(1163, 239, 1531, 548)","(1287, 470, 1374, 498)"
693,27.72,A8254S,0.1877,"(375, 349, 789, 716)","(482, 624, 574, 654)"
693,27.72,V6190,0.2353,"(1159, 251, 1526, 560)","(1282, 481, 1368, 509)"
694,27.76,TV6190,0.4314,"(1150, 259, 1522, 574)","(1277, 492, 1364, 520)"
694,27.76,A8254S,0.1877,"(375, 349, 789, 716)","(482, 624, 574, 654)"
695,27.8,A8254S,0.1877,"(375, 349, 789, 716)","(482, 624, 574, 654)"
695,27.8,TV690,0.3034,"(1145, 267, 1520, 585)","(1271, 503, 1358, 531)"
696,27.84,A8254S,0.1612,"(375, 349, 789, 716)","(482, 624, 574, 654)"
696,27.84,V6190,0.4632,"(1139, 276, 1521, 591)","(1266, 514, 1353, 544)"
697,27.88,LA8254S,0.1316,"(375, 349, 789, 716)","(482, 624, 574, 653)"
697,27.88,71V6R90,0.151,"(1130, 282, 1516, 607)","(1258, 527, 1347, 557)"
698,27.92,V69,0.4354,"(1126, 296, 1514, 624)","(1251, 540, 1342, 570)"
698,27.92,LA8254S,0.1316,"(375, 349, 789, 716)","(482, 624, 574, 653)"
699,27.96,V6190,0.7442,"(1115, 306, 1511, 636)","(1245, 553, 1335, 583)"
699,27.96,LA8254S,0.1201,"(375, 349, 789, 716)","(482, 624, 574, 653)"
700,28.0,V6L9,0.5225,"(1107, 317, 1507, 645)","(1237, 565, 1329, 596)"
700,28.0,LA8254S,0.1201,"(375, 349, 789, 716)","(482, 624, 574, 653)"
701,28.04,148254S,0.1115,"(375, 349, 789, 716)","(482, 624, 574, 653)"
701,28.04,AV6R9,0.1334,"(1096, 327, 1502, 660)","(1229, 579, 1321, 610)"
702,28.08,0A8254S,0.0897,"(375, 349, 789, 716)","(482, 624, 573, 654)"
702,28.08,V69,0.2782,"(1088, 336, 1498, 679)","(1221, 593, 1313, 623)"
703,28.12,LA82545,0.2262,"(374, 348, 789, 716)","(482, 625, 574, 654)"
703,28.12,TAV6I9,0.0882,"(1081, 344, 1493, 693)","(1212, 607, 1307, 638)"
704,28.16,LA82545,0.206,"(375, 348, 789, 716)","(482, 625, 573, 654)"
704,28.16,TAV619,0.3094,"(1071, 357, 1488, 705)","(1203, 622, 1300, 653)"
705,28.2,TV619,0.2583,"(1060, 370, 1482, 723)","(1195, 636, 1292, 667)"
705,28.2,LA82545,0.2262,"(374, 348, 789, 716)","(482, 625, 574, 654)"
706,28.24,T6L9,0.0951,"(1056, 380, 1476, 739)","(1186, 653, 1282, 683)"
706,28.24,LA82545,0.2262,"(374, 348, 789, 716)","(482, 625, 574, 654)"
707,28.28,0V619,0.165,"(1042, 392, 1471, 754)","(1175, 668, 1273, 699)"
707,28.28,LA82545,0.2262,"(374, 348, 789, 716)","(482, 625, 574, 654)"
708,28.32,LA82545,0.206,"(375, 348, 789, 716)","(482, 625, 573, 654)"
708,28.32,T1V6190,0.0502,"(1030, 404, 1467, 773)","(1166, 683, 1264, 715)"
709,28.36,IA82545,0.1097,"(375, 349, 789, 716)","(482, 624, 574, 654)"
709,28.36,E7V619,0.1537,"(1018, 418, 1461, 787)","(1156, 700, 1255, 731)"
710,28.4,IA82545,0.1097,"(375, 349, 789, 716)","(482, 624, 574, 654)"
710,28.4,EV6I9,0.1789,"(1004, 431, 1456, 798)","(1145, 717, 1245, 748)"
711,28.44,IA82545,0.1097,"(375, 349, 789, 716)","(482, 624, 574, 654)"
711,28.44,EV619,0.2188,"(993, 446, 1449, 822)","(1133, 733, 1235, 765)"
712,28.48,LA82545,0.2262,"(374, 349, 789, 716)","(482, 625, 574, 654)"
712,28.48,7V6I9,0.2596,"(968, 456, 1444, 840)","(1122, 748, 1224, 782)"
713,28.52,LA82545,0.2262,"(374, 349, 789, 716)","(482, 625, 574, 654)"
713,28.52,TV6I90,0.2292,"(967, 471, 1435, 856)","(1109, 766, 1213, 800)"
714,28.56,EV619,0.1858,"(958, 482, 1427, 875)","(1097, 786, 1203, 817)"
714,28.56,LA82545,0.2162,"(375, 349, 789, 716)","(482, 625, 575, 654)"
715,28.6,LA82545,0.2262,"(374, 349, 789, 716)","(482, 625, 574, 654)"
715,28.6,TAV6I90,0.0461,"(944, 496, 1420, 891)","(1084, 803, 1192, 836)"
716,28.64,LA82545,0.2262,"(374, 349, 789, 716)","(482, 625, 574, 654)"
716,28.64,EV6T9,0.2068,"(931, 504, 1413, 912)","(1071, 821, 1179, 856)"
717,28.68,TV69,0.0986,"(918, 522, 1405, 934)","(1058, 842, 1167, 875)"
717,28.68,LA82545,0.2262,"(374, 349, 789, 716)","(482, 625, 574, 654)"
718,28.72,LA82545,0.2262,"(374, 349, 789, 716)","(482, 625, 574, 654)"
718,28.72,F7V6T9,0.0976,"(901, 542, 1398, 951)","(1044, 862, 1154, 895)"
719,28.76,4V619,0.1942,"(886, 556, 1387, 972)","(1030, 881, 1141, 918)"
719,28.76,LA82545,0.2262,"(374, 349, 789, 716)","(482, 625, 574, 654)"
720,28.8,TT619,0.1283,"(869, 570, 1379, 1003)","(1014, 903, 1126, 939)"
720,28.8,IA82545,0.1097,"(375, 349, 789, 716)","(482, 624, 574, 654)"
721,28.84,LA82545,0.2001,"(375, 349, 789, 716)","(482, 625, 575, 654)"
721,28.84,TV619,0.1828,"(853, 586, 1369, 1034)","(999, 926, 1112, 961)"
722,28.88,LA82545,0.2996,"(375, 348, 789, 716)","(483, 625, 573, 654)"
723,28.92,LA82545,0.2996,"(375, 348, 789, 716)","(483, 625, 573, 654)"
724,28.96,LA82545,0.2996,"(375, 348, 789, 716)","(483, 625, 573, 654)"
724,28.96,FG,0.1148,"(801, 641, 1343, 1069)","(949, 990, 1067, 1030)"
725,29.0,LA82545,0.2996,"(375, 348, 789, 716)","(483, 625, 573, 654)"
725,29.0,MVOT90,0.1169,"(780, 655, 1330, 1074)","(931, 1017, 1050, 1055)"
726,29.04,LA82545,0.2996,"(375, 348, 789, 716)","(483, 625, 573, 654)"
726,29.04,FIANO,0.019,"(762, 673, 1318, 1069)","(911, 1041, 1033, 1069)"
727,29.08,LA82545,0.2996,"(375, 348, 789, 716)","(483, 625, 573, 654)"
728,29.12,LA82545,0.2996,"(375, 348, 789, 716)","(483, 625, 573, 654)"
729,29.16,LA82545,0.2996,"(375, 348, 789, 716)","(483, 625, 573, 654)"
730,29.2,LA82545,0.4903,"(375, 348, 790, 716)","(483, 626, 573, 654)"
731,29.24,LA82545,0.2996,"(375, 348, 789, 716)","(483, 625, 573, 654)"
732,29.28,LA82545,0.4983,"(375, 348, 789, 715)","(483, 625, 573, 653)"
733,29.32,LA82545,0.4983,"(375, 348, 789, 715)","(483, 625, 573, 653)"
734,29.36,LA82545,0.4983,"(375, 348, 789, 715)","(483, 625, 573, 653)"
735,29.4,LA82545,0.4983,"(375, 348, 789, 715)","(483, 625, 573, 653)"
736,29.44,LA82545,0.5523,"(375, 348, 789, 715)","(483, 625, 573, 653)"
737,29.48,LA82545,0.4238,"(375, 348, 788, 715)","(483, 625, 574, 653)"
738,29.52,LA82545,0.286,"(375, 348, 789, 715)","(483, 625, 573, 653)"
739,29.56,LA82545,0.2834,"(375, 348, 789, 716)","(483, 625, 573, 654)"
740,29.6,LA82545,0.3193,"(375, 348, 788, 716)","(483, 625, 573, 653)"
741,29.64,LA82545,0.3193,"(375, 348, 788, 716)","(483, 625, 573, 653)"
742,29.68,EA8254S,0.1054,"(375, 348, 788, 715)","(483, 624, 574, 653)"
743,29.72,EA8254S,0.1054,"(375, 348, 788, 715)","(483, 624, 574, 653)"
744,29.76,EA8254S,0.1054,"(375, 348, 788, 715)","(483, 624, 574, 653)"
745,29.8,EA8254S,0.1227,"(375, 348, 788, 715)","(483, 624, 574, 653)"
746,29.84,EA8254,0.1955,"(375, 348, 788, 715)","(483, 624, 574, 653)"
747,29.88,EA8254,0.1955,"(375, 348, 788, 715)","(483, 624, 574, 653)"
748,29.92,EA8254,0.1955,"(375, 348, 788, 715)","(483, 624, 574, 653)"
749,29.96,EA82545,0.1321,"(375, 348, 788, 715)","(483, 624, 574, 653)"
750,30.0,EA82545,0.1321,"(375, 348, 788, 715)","(483, 624, 574, 653)"
